Sr No,Date,Startups,Industry Vertical,SubVertical,City,Investors,Investment Type,Amount
1,2020-09-01,BYJU’S,E-Tech,E-learning,Bengaluru,Tiger Global Management,Private Equity Round,1916.0
2,,Shuttl,Transportation,App based shuttle service,Gurgaon,Susquehanna Growth Equity,Series C,77.10361452
3,2020-09-01,Mamaearth,E-commerce,Retailer of baby and toddler products,Bengaluru,Sequoia Capital India,Series B,175.8778788
4,2020-02-01,https://www.wealthbucket.in/,FinTech,Online Investment,New Delhi,Vinod Khatumal,Pre-series A,28.74
5,2020-02-01,Fashor,Fashion and Apparel,Embroiled Clothes For Women,Mumbai,Sprout Venture Partners,Seed Round,17.244
6,,Pando,Logistics,"Open-market, freight management platform",Chennai,Chiratae Ventures,Series A,86.22
7,2020-10-01,Zomato,Hospitality,Online Food Delivery Platform,Gurgaon,Ant Financial,Private Equity Round,1437.0
8,2019-12-12,Ecozen,Technology,Agritech,Pune,Sathguru Catalyzer Advisors,Series A,57.48
9,2019-06-12,CarDekho,E-Commerce,Automobile,Gurgaon,Ping An Global Voyager Fund,Series D,670.6
10,2019-03-12,Dhruva Space,Aerospace,Satellite Communication,Bengaluru,"Mumbai Angels, Ravikanth Reddy",Seed,479.0
11,,Rivigo,Technology,Logistics Services and Solutions,Gurgaon,"SAIF Partners, Spring Canter Investment Ltd.",Series F,191.6
12,,Healthians,B2B-focused foodtech startup,Food Solutions For Corporate,Bengaluru,"Paytm, NPTK, Sabre Partners and Neoplux",Series C,114.96
13,,Licious,E-Commerce,Online Meat And Seafood Ordering Startup,Bengaluru,Vertex Growth Fund,Series E,287.4
15,,Trell,Video,Experience Discovery Platform,Bengaluru,Ruizheng Investment,Seed Round,19.16
16,2019-11-12,Rein Games,Gaming,Real money based gaming startup,Noida,Manipal Education and Medical Group (MEMG),Seed Round,479.0
17,,Lenskart.com,E-Commerce,Online Eyewear Shopping Portal,Faridabad,SoftBank Vision Fund,Series G,2212.98
18,,Freshworks,Software,Business and customer engagement tools,San Francisco,"Sequoia, CapitalG, Accel",Series H,1437.0
19,,Misters,Health and wellness,Men's Health and Wellness brand,Gurgaon,"Sauce.vc, Rainforest Ventures",Series B,4.65588
20,,Sunstone Eduversity Pvt. Ltd,Education,Elearning,Gurgaon,"Prime Venture Partners, LetsVenture, PS1 Venture and GlobalLogic co-founder Rajul Garg",Seed,14.37
22,,Healthians,Health and Wellness,Healthcare services,Gurgaon,"DG Daiwa Ventures, DG Incubation",Series B,114.96
23,,Ninjacart,B2B Marketing,Agritech,Bengaluru,Trifecta Capital Advisors,Debt Funding,249.08
24,,Aye Finance,FinTech,Financial Services To MSMEs,Gurgaon,FinTech,Debt Funding,166.7999187
25,2019-12-11,SuperGaming,Video Games,Social gaming platform,Pune,Dream Incubator,Seed Funding,12.454
26,,Clumio,SaaS,Recovery software,"San Jose,","Altimeter Capital, Sutter Hill Ventures",Series C,1293.3
27,2019-11-11,eBikeGo,Last Mile Transportation,Electric bike rental,Amritsar,Startup Buddy,Seed,2.874
28,,Digital Mall Asia,E-Commerce,Virtual e-commerce platform,Delhi,Amour Infrastructure,Seed Funding,2107.6
29,,Medikabazaar,Healthcare,B2B platform for medical supplies,Mumbai,"Ackermans & van Haaren, HealthQuad, Rebright Partners, Toppan Printing",Series B,151.364
30,,Vogo Automotive,Last Mile Transportation,Scooter sharing app,Kormangala,"Matrix Partners, Stellaris Venture Partners, Kalaari Capital",Series B,2711.14
32,,Paytm,FinTech,Mobile Wallet,Noida,Vijay Shekhar Sharma,Funding Round,9580.0
33,2019-04-10,Dunzo,Customer Service,Delivery Service,Bengaluru,Lightbox,Series D,431.1
34,2019-02-10,Udaan,B2B,Business development,Bengaluru,"Altimeter Capital, DST Global",Series D,5604.3
36,2019-05-09,FPL Technologies,FinTech,Financial Services,Pune,"Matrix Partners India, Sequoia India",Maiden Round,43.11
37,2019-04-09,Cashflo,FinTech,Invoice discounting platform and SME lending marketplace,Mumbai,SAIF Partners,Series A,31.614
38,2019-04-09,Digital F5,"Advertising, Marketing",Digital marketing firm,Mumbai,TIW Private Equity,Private Equity Round,57.48
39,2019-04-09,3rdFlix,SaaS,Education Technology,Hyderabad,Exfinity Venture Partners,pre-series A,47.9
40,2019-04-09,75F,IoT,Building automation system,Burnsville,Breakthrough Energy Ventures,Series A,172.44
41,2019-04-09,Myelin Foundry,Information Technology,Deep-technology,Bengaluru,Endiya Partners,Seed,9.58
42,2019-04-09,Atomberg Technology,Consumer Technology,"Consumer Electronics, Home Appliances",Mumbai,A91 Partners,Series A,95.8
43,2019-04-09,GOQii,Health and Wellness,Wearable Fitness Bands,Menlo Park,Bennett Coleman and Company Ltd (BCCL),Series C,4311.0
44,2019-03-09,Vyapar App,Accounting,Mobile-based Accounting Software,Bengaluru,"India Quotient, Axilor Ventures",Series A,47.9
45,2019-01-08,CarDekho,E-Commerce,Automotive,Gurgaon,SC GG India Mobility Holdings LLC,Series C,191.6
46,2019-01-08,Progcap,Finance,Supply Chain Management,New Delhi,Sequoia India,Series A,47.9
48,2019-01-08,Alteria Capital,Finance,VC Funds,Mumbai,"Azim Premji, Binny Bansal",Single Venture,1341.2
49,2019-01-08,Pine Labs,Information Technology,Last-mile retail transaction technology,Noida,Pine Labs Pte Ltd,Corporate Round,364.8064
50,2019-12-08,Meesho,E-Commerce,Social Commerce,Bengaluru,Naspers,Series D,1197.5
51,,Cars24,E-Commerce,Car Retail,Gurugram,MS Dhoni,Series D,105.38
52,,Uniphore,Customer Service Platform,Conversational AI,Palo Alto,March Capital Partners,Series C,488.58
53,,Zendrive,Automotive,Road Safety Analytics,San Francisco,XL Innovate,Series B,354.46
54,,Lo! Foods,Consumer Goods,Low carb food for Diabetics,Bengaluru,"Rashmi Daga (founder, FreshMenu), Raveen Sastry (co-founder, Myntra) and Mitesh Shah (finance chief, BookMyShow)",Seed Round,4.79
55,,Tala,FinTech,Digital Lending Platform,Santa Monica,RPS Ventures,Series D,1053.8
56,,INDwealth,FinTech,Wealth Management,Gurgaon,Tiger Global Management,Venture Round,143.7
57,,HungerBox,Food and Beverage,B2B Foodtech,Bengaluru,One97 Communications Ltd.,Series C,63.1322
58,,AdmitKard,EdTech,University Admissions,Noida,Growth DNA,Seed Round,9.58
60,,Grofers,E-Commerce,Grocery Delivery,Gurgaon,Softbank Vision Fund,Series F,670.6
61,,Rapido Bike Taxi,Transportation,Bike Taxi,Bengaluru,Westbridge Capital,Series B,37362.0
62,2019-02-07,RenewBuy,Finance,Auto Insurance,Gurgaon,"Lok Capital, IIFL Wealth",Series B,182.02
63,2019-02-07,Atlan,Information Technology,Big Data,Singapore,WaterBridge Ventures,Pre-Series A,23.95
64,2019-01-07,WizCounsel,Compliance,Consulting,New Delhi,Kapil Dev,Angel,1.3891
65,2019-03-07,Ola Cabs,Transport,Cabs,Kormangala,"DIG Investment Ab, Deshe Holdings, Samih Toukan and Hussam Khoury",Series J,9.58
66,2019-01-07,Uniphore,Artificial Intelligence,Speech Recognition,Taramani,March Capital Partners,Series C,364.8064
67,2019-04-07,Daalchini Technologies,Food and Beverage,Digital Vending Machine,New Delhi,Artha Venture,Seed Round,4.79
68,2019-10-07,"""BYJU\\'S""",EdTech,Education,Bengaluru,Qatar Investment Authority,Private Equity Round,1437.0
69,2019-11-07,Moglix,E-Commerce,Industrial Tools and Equipments,Singapore,"Composite Capital Management, Sequoia Capital India, Tiger Global Management",Series D,574.8
70,2019-10-07,Ezyhaul,Tech,Logistics,Singapore,Undisclosed,Series B,153.28
71,2019-10-07,Indus OS,Tech,Smartphone Operating System,Andheri,Ventureast,Series B,55.085
72,2019-10-07,HealthAssure,Health Care,Primary care medical network,Mumbai,Blume Ventures,Series A,23.95
73,2019-09-07,House of Msasaba,Luxury Label,Clothes and Apparel,Mumbai,Binny Bansal,Series A,9.58
74,2019-08-07,Board Infinity,EdTech,Full-stack career platform,Chembur,Multiple Angel Investors,Angel Round,3.0618159
75,2019-05-06,NoBroker,E-Commerce,Real Estate,Bengaluru,General Atlantic,Series C,488.58
76,2019-04-06,Bira91,Food and Beverage,Brewery,New Delhi,Anicut Capital,Debt Funding,95.8
78,2019-03-06,Avail Finance,Finance,FinTech,Bengaluru,Matrix Partners,Series A,86.22
79,2019-04-06,BharatPe,Finance,FinTech,New Delhi,Insight Partners,Series B,718.5
80,2019-04-06,Recykal,Waste Management Service,Optimization,Hyderabad,"Triton Investment Advisors, Pidilite Industries director Ajay Parekh",pre-Series A,249.08
81,2019-03-06,Agara Labs,Deep-Tech,Artificial Intelligence,Bengaluru,Blume Ventures and RTP Global,pre-Series A,23.95
83,2019-06-06,Chakr Innovation,Energy,Renewable Energy,New Delhi,IAN Fund,Series A,249.08
85,2019-10-06,Bolo App,Digital Media,Video Platform,Bengaluru,Nexus Venture Partners,Seed Funding,4.121316
86,2019-10-06,OkCredit,FinTech,Financial Services,Haryana,Tiger Global Management,Series A,148.49
87,2019-06-06,Biz2Credit,FinTech,Online Lending Platform,New York,WestBridge Capital,Series B,498.16
88,2019-08-06,Vogo Automotive Pvt. Ltd.,Transportation,Dockless Scooter Rental Company,Karnataka,Alteria Capital,Debt Funding,34.33472
89,2019-04-06,Leegality,Services,Digital Documentation,Mumbai/Bengaluru,Mumbai Angels,Series A,32.572
91,2019-06-05,Saahas Zero Waste,Waste Management Service,Optimization,Bengaluru,C4D Partners,Venture - Series Unknown,8.321188
93,2019-01-05,BlackBuck,Transport,Logistics,Bengaluru,"Goldman Sachs Investment Partners and Silicon Valley-based Accel, Wellington, Sequoia Capital, B Capital, LightStreet, Sands Capital and International Finance Corporation,",Series D,1437.0
94,2019-02-05,Zenoti,Saas,Beauty and Wellness Industry,Hyderabad,Tiger Global Management,Series C,479.0
95,,Ather Energy,Automobile,Electric Vehicle,Bengaluru,Sachin Bansal,Series C,488.58
96,,FreshVnF,Agtech,Fresh Agriculture Produces,Mumbai,Equanimity Ventures,Seed Round,1341.2
97,,GlowRoad,E-commerce,Retail,Bengaluru,"Korea Investment Partners, Vertex Ventures",Series B,110.17
98,,Bira91,Food and Beverage,Brewery,New Delhi,Sixth Sense Ventures,Series B,53.648
99,,Kuvera,Finance,Wealth Management,Bengaluru,Eight Roads,Series A,431.1
100,2019-12-04,Medlife,E-commerce,Online Medicine,Bengaluru,Prasid Uno Family Trust,Private Equity,162.86
101,2019-10-04,Kabadiwala,E-commerce,Waste Management,Bhopal,"Unilever, Beehive Capital Advisor, ABCOM Investments, Parekh Marine Transport,",Private Equity,4.1257707
102,,Tripoto,Social Media,Travel,New Delhi,"Orchid India, Hornbill Orchid India Fund, Chiratae Ventures (formerly IDG Ventures), 3one4 Capital, Lasmer NV",Series B,34.4053725
103,2019-12-04,Azah,Health and Wellness,Organic wellness,Gurugram,Unnamed angel investors,Seed Funding,1.916
104,2019-11-04,Setu,Fintech,Banking,Bengaluru,Lightspeed India Partners,Seed Funding,33.53
105,2019-10-04,Toppr,Edtech,E-learning,Mumbai,Milestone,Debt and Preference capital,60.5534556
106,2019-10-04,Craftsvilla,E-commerce,Fashion and Apparel,Mumbai,Supera Pte Ltd,Inhouse Funding,23.4086821
107,2019-10-04,Unacademy,Edtech,E-learning,Bengaluru,Kalyan Krishnamurthy,Seed/ Angel Funding,2.94106
108,2019-11-04,CleverTap,SaaS,Mobile analytics and marketing,Mumbai,"Sequoia India, Tiger Global Management, Accel Partners",Series B,249.08
109,,My Healthcare,E-commerce,Software Solutions,Bengaluru and Gurugram,Sixth Sense Ventures,Series A,28.74
111,,Shuttl,Transportation,Bus Aggregation,Gurugram,New Atlantic Ventures,Venture Round,47.9
112,,Increff,Technology,Supply-chain technology solutions,Bengaluru,"021 Capita, Binny Bansal",Series A,28.74
114,2019-08-02,Zilingo,Ecommerce,Fashion & Apparel,India/Singapore,"Sequoia Capital and Temasek Holdings, EDBI, Burda Principal Investments, and Sofina",Series D,2165.08
115,,NanoClean Global,Nanotechnology,Anti-Pollution,New Delhi,"LetsVenture, PitchRight Venture, 91SpringBoard, AL Nour International Holdings and Mark V Investments",Series A,5.748
116,,OyoRooms,Hospitality,Budget Rooms,Gurgaon,DiDi Chuxing,Equity,958.0
117,2019-03-01,CarDekho,Automobile,Online Marketplace,Jaipur,"Sequoia India, Hillhouse Capital, Alphabet\\xe2\\x80\\x99s growth investment arm Capital G and Axis Bank",Series C,1053.8
118,2019-04-01,Vyome Therapeutics Inc.,Health and Wellness,Specialty pharmaceutical,India/US,"Iron Pillar, Perceptive Advisors, Romulus Capital and Kalaari Capital",Series D,210.76
119,2019-04-01,Samunnati Financial Intermediation & Services Pvt. Ltd,Finance,Non-banking financial company,Chennai,"MASSIF, a Dutch government fund",Debt-Funding,47.9
120,2018-04-12,Manch,Social Media,Hyperlocal Content,Delhi,Stellaris Venture Partners,Seed Funding,6.706
121,2018-01-12,UrbanClap Technologies Pvt. Ltd,Services Platform,Home services marketplace,New Delhi,Steadview Capital and Vy Capital.,Series D,479.0
122,2018-02-12,Guiddoo,Travel Tech,Platform for travel agents,Mumbai,Individual Investors,Pre-Series A,7.664
123,2018-02-12,Career Anna,Online Education,"Video-based certification, trainings",Gurugram,Individual Investors,Pre-Series A,5.47976
124,2018-04-12,Nagpur Wholesale,Online Marketplace,eCommerce,Nagpur,Omphalos Ventures India LLP,Seed Funding,1.36994
125,2018-06-12,ShopKirana,B2B,eCommerce,Indore,"Info Edge, AET Fund, Akatsuki and Incubate Fund from Japan and Better Capital AngelList syndicate.",Seed Funding,19.16
126,2018-06-12,BuildSupply,"SaaS, Ecommerce","Real Estate, ERP",Gurugram,"Venture Highway, GREE Ventures, Space Matrix, Individual Investors",Series A,33.53
127,2018-01-11,GoDesi,Food and Beverage,Regional Flavours,Bengaluru,Lead Angels Network,Seed/ Angel Funding,1.3315721
128,2018-03-11,Veritas Finance Ltd.,NBFC,MSME Finance,Chennai,"Norwest Venture Partners, CDC Group, the UK\\xe2\\x80\\x99s Development Finance Institution and P Surendra Pai",Series D,266.31442
129,2018-06-11,Meesho,Ecommerce,Social Commerce,Bengaluru,"Shunwei Capital, DST Partners and RPS Ventures",Series C,479.0
130,2018-08-11,Mobile Premier League,Gaming,Mobile e-Sports,Bengaluru,Undisclosed,Series A,4.79
131,2018-08-11,A&R Bon Vivants,Food,Meat Retail Chain,Jaipur,"RB Investments, Singapore",Equity,9.58
132,2018-12-11,Blackbuck,Food Tech,POS For Online Ordering,"New York, Bengaluru",Tiger Global,Series A,9.58
133,2018-12-11,MilkBAsket,Food,Micro-delivery grocery service,New Delhi,Mayfield Fund,Series B,12.454
134,,DriveU,Transport,On-Demand Drivers,Bengaluru,Stevens Creek Ventures,Mezzanine,9.58
135,,CleanseCar,Services,Car Wash,Bengaluru,Venture Catalysts,Seed/ Angel Funding,4.79
136,,Automation Anywhere,Automation,Robotics,California,SoftBank Vision Fund,Series B,2874.0
137,,HealthifyMe,Health and Wellness,Wellness Coach,Bengaluru,"Sistema Asia Fund, VC Samsung NEXT, Chiratae Ventures, Inventus Capital, Blume Ventures and Innoven Capital.",Series B (Extension),57.48
138,,Genius Corner,Education,Personalized Learning,Noida,Individual investors,Seed Funding,2.66324
139,,Aavishkaar-Intellecap Group,Investment,SME Funding,Mumbai,Teachers Insurance and Annuity Association (TIAA),Equity Based Funding,296.98
141,,Signzy,Financial Tech,Digital Onboarding Solution,Mumbai/Bengaluru,"Stellaris Venture Partners and Kalaari Capital, Rajan Anandan from Google, Dilip Khandwelwal from SAP Labs India, and Amrish Rau from PayU India",Series A,32.572
142,,Engineer.ai,Software,AI Platform,India/US,"Lakestar and Jungle Ventures, Softbank\\xe2\\x80\\x99s DeepCore.",Series A,282.61
143,,InCred Finance,Finance,SME Lending,India,"Paragon Partners, Individual Investors",Private Equity,402.36
144,,Roposo,Social Media,Video Sharing,Delhi,Bertelsmann India Investments,Series B,16.286
146,2018-02-10,Origo Commodities India Pvt. Ltd,Logistics,Supply Chain,Hyderabad,"Cooperative Oikocredit, Caspian and Hivos-Triodos Fund",Seed/ Angel Funding,105.38
147,2018-04-10,Grover Zampa,Food,Wine,Mumbai,Ravi Viswanathan,Private Equity,78.556
148,2018-05-10,Droom,Automobile,New and Used Cars Platform,Gurgaon,ZigExN,Series E,28.74
149,2018-11-10,Innov8,Real Estate,Co-Working,New Delhi,Credence Family Office,Pre-Series A,38.32
150,2018-12-10,Blackbuck,Logistics Tech,Largest Trucking Platform,Bengaluru,Sequoia Capital India,Private Funding,140.6344
151,2018-12-10,LetsTransport,Logistics Tech,Book Trucks Online,Bengaluru,Fosun International,Series C,114.96
152,2018-01-09,Netmeds,Consumer Internet,Online Pharmacy Chain,Chennai,"Sistema Asia Fund, Sistema JSFC and Tanncam Investment",Private Equity,335.3
153,2018-03-09,Udaan,B2B Platform,Logistics and Shipping,Bengaluru,DST Global and Lightspeed Venture Partners\\xe2\\x80\\x99 global fund.,Private Equity,2155.5
154,2018-03-09,Daily hunt,Consumer Internet,News and ebooks Mobile App\\xc2\\xa0,Bengaluru,Falcon Edge,Private Equity,61.2162
157,2018-05-09,Nykaa,Consumer Internet,Online Marketplace For Multi-brand Beauty Cosmetic and Wellness Products,Mumbai,Lighthouse,Private Equity,1505.976
159,2018-06-09,Dream11,Consumer Internet,Online Gaming Platform,Mumbai,"Tencent, Kalaari Capital and Private equity firm Multiples Alternate Asset Management",Private Equity,958.0
160,2018-10-09,MamaEarth,Healthcare,Online Marketplace For Mother and Babycare Products,Gurugram,Stellaris Ventures & Others,Private Equity,38.32
161,2018-11-09,AutoGrid,Technology,AI-Based Energy Optimisation and Control Provider,Bengaluru,"CLP Holdings Group, Innogy, \\xc3\\x98rstead, and Tenaska",Private Equity,306.56
162,2018-11-09,Pharmeasy,Consumer Internet,Online Marketplace For Pharmaceutical Products,Mumbai,InnoVen Capital,Debt Funding,52.69
163,2018-11-09,Upwards,Fin-Tech,Online Micro Lending Marketplace,Mumbai,"Shunwei Capital,Quotient, Mayfield & Others",Private Equity,47.9
164,2018-12-09,Kissht,Fin-Tech,Online lending Platform,Mumbai,"Vertex Ventures Southeast Asia (SEA) and India and Sistema Asia Fund, Fosun RZ Capital, Ventureast, and Endiya Partners.\\n\\n",Private Equity,287.4
165,2018-01-08,dishq,Food-Tech,Personalisation Technology Firm Focusing On The Food And Beverage Industry,Bengaluru,"Farm To Fork, Arts Alliance, The Syndicate Fund, Sven Hensen, Zeroth and Artesian Venture Partners",Seed/ Angel Funding,3.832
167,2018-02-08,Samosa Labs,Consumer Internet,Social Media and Chat Entertainment Platform,Hyderabad,Xiaomi and Sequoia Capital India,Private Equity,67.06
168,2018-03-08,ZiffyHomes,Consumer Internet,Online Home Rental Marketplace,Gurugram,Y Combinator,Private Equity,1.1496
170,2018-07-08,ShopX,Consumer Internet,Assisted E-commerce Platform,Bengaluru,Fung Strategic Holdings,Private Equity,335.3
171,2018-07-08,MakeMyTrip,Consumer Internet,Online Travel Aggregator,Gurugram,MakeMyTrip Limited,Private Equity,95.8
172,2018-08-08,Hansel io,Consumer Internet,Real-time Mobile App Management,Bengaluru,Vertex Ventures,Seed/ Angel Funding,38.32
173,2018-08-08,Metro Bikes,Consumer Internet,Online Bike Rental Marketplace,Bengaluru,"Sequoia Capital India Advisors, Accel Partners and G Raghunandan",Private Equity,116.876
174,2018-08-08,Phone Pe,Consumer Internet,UPI Payments App,Bengaluru,Flipkart,Private Equity,632.28
175,2018-09-08,quizizz,Ed-Tech,e-learning Platform,Bengaluru,"Nexus Venture Partners, Prime Venture Partners and Others",Seed/ Angel Funding,28.74
176,2018-09-08,Happy EMI,Fin-Tech,Consumer Financing Platform,Bengaluru,AJ Ventures and Jain International Trade Organisation (JITO),Seed/ Angel Funding,9.58
177,,Inthree,Consumer Internet,Rural E-commerce Platform,Chennai,"Ventureast, Orios Venture Partners and the IAN Fund",Seed/ Angel Funding,38.32
178,,Observe AI,Technology,AI Based Solutions Platform,Bengaluru,"Nexus Venture Partners, MGV, Liquid 2 Ventures, Hack VC, Emergent Ventures and Y Combinator",Private Equity,76.64
180,,EazyDiner,Consumer Internet,Online Restaurant Table Reservation Platform,Gurugram,Denlow Investment Trust and Beenext,Private Equity,56.043
182,,RawPressery,Consumer Internet,Online Organic Juice Delivery Service,Mumbai,Alteria Capital,Debt Funding,45.984
183,,Pi Ventures,Technology,Applied Artificial Intelligence and IoT focused\\xc2\\xa0Platform,Bengaluru,CDC Group plc\\xc2\\xa0,Private Equity,57.48
184,,Revv,Consumer Internet,Online Indian Car Rental Platform,Gurugram,"Hyundai, Edelweiss and Beenext, Dream Incubator, Sunjay Kapoor and Telama Investment",Private Equity,136.7066
185,,ZestMoney,Consumer Internet,Online Lending Platform,Bengaluru,"Xiaomi,PayU, Ribbit Capital and Omidyar Network",Private Equity,128.372
186,,Shubh Loans,Fin-Tech,\\xc2\\xa0Customer Sourcing Platform\\xc2\\xa0,Bengaluru,"Saama Capital, SRI Capital, Beenext, and Pravega Ventures",Private Equity,40.236
187,,MyUpchar,Healthcare,Local Language Health Content App,Delhi,"Nexus Venture Partners, Omidyar Network and Shunwei Capital",Private Equity,47.9
188,,Narvar,IT,Post-Purchase Customer Engagement Platform\\xc2\\xa0,Bengaluru,Accel (formerly known as Accel Partners),Private Equity,28.74
191,2018-02-07,Biryani By Kilo,Consumer Internet,Online Food Delivery,Gurugram,Ajay Relan and Vinay Mittal,Seed/ Angel Funding,9.58
192,2018-04-07,Anchanto,IT,E-commerce Fulfilment Platform,Pune,MDI Ventures & Telkom Indonesia,Private Equity,38.32
193,,Loan Tap,Consumer Internet,Online Lending Platform For Salaried Professionals,Mumbai,"Shunwei Capital, Tuscan Ventures, Ashish Goenka, VC firms India Quotient and Kae Capital",Private Equity,59.875
194,2018-06-07,PolicyBazaar,Consumer Internet,Online Insurance Selling Platform,Gurugram,Info Edge (India) Ltd and Temasek,Private Equity,265.366
195,2018-09-07,zippserv,Consumer Internet,Online Platform For Risk-Assessment Services For Real Estate Investments,Bengaluru,Info Edge (India) Ltd,Seed/ Angel Funding,4.2152
196,2018-09-07,Groww,Consumer Internet,Online Platform That Sells Direct Plans Of Mutual Funds,Bengaluru,"Insignia Ventures Partners, Lightbridge Partners & Kairos",Seed/ Angel Funding,10.538
197,2018-10-07,Avenue Growth,Consumer Internet,Online Platform That Connects Brands With Freelance Sales Professionals,Gurugram,"Avtar Monga, chief operating office at IDFC Bank, Aditya Malik & Others",Seed/ Angel Funding,4.18646
199,2018-10-07,Kinara Capital,Finance,Lending Platform For Micro and Small Enterprises,Bengaluru,ResponsAbility,Private Equity,47.9
200,2018-10-07,Shop 101,Consumer Internet,Mobile Storefront And Commerce Platform For Sellers,Mumbai,"Stellaris Venture Partners, Vy Capital, Raghunandan G, and Ramakant Sharma",Private Equity,47.9
201,2018-11-07,Sambandh,Consumer Internet,Online Micro Lending Platform,Rourkela,Base of Pyramid Asia (BOPA) Pte Ltd,Private Equity,23.95
202,2018-12-07,19th mile,IT,Artificial intelligence-based sales acceleration software platform,Gurugram,"Rishi Vasudev, Excelsior Investments, Ritesh Vohra, Praveer Kumar, Prashant Gupta and Others",Seed/ Angel Funding,1.7244
203,2018-12-07,5th Vital,Healthcare,Home diagnostics services provider,Bengaluru,Brand Capital and Others,Seed/ Angel Funding,4.79
204,,MEngage,Healthcare,A Doctor-Patient Engagement Platform,Jaipur,"Siddharth Agarwal, Mahavir Sharma, Amit Singal, 100 Co-founders Lab and others.",Seed/ Angel Funding,1.6765
205,,Ofbusiness,Finance,Online Lending Platform For SME,Gurugram,"Creation Investments, Falcon Edge, Matrix Partners India and Zodius Capital",Private Equity,277.82
206,,Cars24,Consumer Internet,Online Used Car Marketplace,Gurugram,"Kingsway FCI Fund, KCK Global & Others",Private Equity,476.126
207,,The Ken,Consumer Internet,Subscription-Only News Website,Bengaluru,Omidyar Network & Others,Seed/ Angel Funding,14.37
208,,Book My Show,Consumer Internet,Online Ticketing Platform,Mumbai,"TPG Growth, The Rise Fund & Others",Private Equity,958.0
210,,PaySense,Consumer Internet,Online Consumer Lending Platform,Mumbai,PayU & Others,Private Equity,172.44
212,,VTION,Technology,Media Analytics,Gurugram,"AngelList, Rahul Khanna, Rajeev Arora and Ram Ramsundar.",Seed/ Angel Funding,2.6824
213,,Log9 Materials,Technology,Nanotechnology Company Specializing In Graphene,Bengaluru,"Metaform Ventures, Hemant Luthra, Micro venture capital firm GEMS Partners and Others",Seed/ Angel Funding,4.17688
214,,kidovators,Ed-Tech,Skill Learning Platform,Bengaluru,Gray Matters,Seed/ Angel Funding,1.7244
215,,Digit,Consumer Internet,Online Insurance Startup,Pune,Fairfax,Private Equity,431.1
216,,Black Soil,Finance,Non-Banking Financial Company,Mumbai,"Allcargo Logistics, Navneet Education and Mahavir Agency",Private Equity,162.86
217,,Trell,Consumer Internet,Mobile-First Video Blogging App,Bengaluru,"BeeNext , WEH Ventures and Sprout Ventures",Seed/ Angel Funding,11.975
218,,iqlect,Technology,Data Analytics Firm,Bengaluru,Ventureast and Exfinity,Seed/ Angel Funding,23.95
219,,Entropik,IT,Software-As-A-Service Platform,Bengaluru,"Bharat Innovation, IDFC-Parampara Capital, Arthavida Ventures, Jitendra Gupta & Others",Seed/ Angel Funding,10.538
221,,TheCapitalNet,Fin-Tech,Unified Global Investments Ecosystem,Hyderabad,Lindwall Family Investments LLC (LFI),Private Equity,4.79
222,,Shuttl,Consumer Internet,Bus Aggregation Platform,Gurugram,Amazon Alexa Fund & Dentsu Ventures,Private Equity,105.38
223,,Cure Fit,Consumer Internet,Health and fitness Platform,Bengaluru,"IDG Ventures, Accel Partners, Kalaari Capital and Others",Private Equity,1149.6
224,,Five Star Group,Fin-Tech,Non-Bank Lending Platform For SME,Chennai,"TPG, Norwest Venture Partners, Sequoia Capital & Matrix Partners",Private Equity,958.0
225,,Healthsignz,Healthcare,Health and Well being Platform,Hyderabad,Kantilal Patel,Seed/ Angel Funding,47.9
226,2018-01-06,CoinTribe,Finance,Credit-Based Lending Marketplace For Small And Medium Enterprises,Gurugram,"Sabre Partners, Puneet Dalmia & Others",Private Equity,95.8
227,2018-04-06,Digiconectt,Technology,Sales Analytics and Enablement Platform,Bengaluru,Aspire Logistics LLC,Seed/ Angel Funding,1.1975
231,2018-07-06,Annapurna Finance,Finance,Non-Banking Financial Company,Bhubneswar,Oman India Joint Investment Fund (OIJIF),Private Equity,220.34
232,2018-07-06,Meesho,Consumer Internet,Online Marketplace For Resellers,Bengaluru,"Sequoia Capital India, SAIF Partners, Y Combinator and Venture Highway",Private Equity,110.17
233,2018-10-06,AyeFinance,Finance,Online Lending Platform,Gurugram,"CapitalG, SAIF Partners and LGT Impact Ventures",Private Equity,205.97
235,2018-12-06,Alpha Capital,Finance,Supplychain Finance,Mumbai,Alpha Capital,Private Equity,141.784
236,2018-12-06,eshakti,E-Commerce,Fashion e-tailer,Chennai,Paragon Partners,Private Equity,96.758
237,2018-12-06,Daily Ninja,Consumer Internet,Hyperlocal Delivery Platform,Bengaluru,Saama Capital and Sequoia Capital,Seed/ Angel Funding,28.74
238,,NirogStreet,Healthcare,An Online Platform That Connects Ayurveda Doctors With Patients,Gurugram,"Spiral Ventures, Subho Ray and Samir Kumar",Seed/ Angel Funding,2.874
239,,Nivesh,Finance,Mass Market Mutual Fund Investment Platform,Noida,"LetsVenture, Rajan Anandan, Basab Pradhan, Vivek Khare and Bijoy George",Seed/ Angel Funding,4.311
241,,HomeLane,Consumer Internet,Online Home Furnishing Solutions,Bengaluru,Brand Capital,Seed/ Angel Funding,33.051
242,,Network Intelligence,Technology,Cybersecurity Specialist,Mumbai,Helix Investments,Private Equity,45.984
243,,Tynor Othontics,Healthcare,Prosthetics Manufacturers,Chandigarh,Lighthouse Funds & Thuasne Participations,Private Equity,201.18
244,,Elucidata,IT,Data Analytics (SaaS),Delhi & Cambridge,Hyperplane Venture Capital and several angel investors,Seed/ Angel Funding,16.286
246,,RentSher,Consumer Internet,Online Rental Marketplace,Bengaluru,"Shorooq Investments, LetsVenture & Others",Seed/ Angel Funding,10.538
247,,Drip capital,Finance,Trade Finance Firm,Mumbai,"Accel Partners, Sequoia India, Y Combinator and others.",Private Equity,143.7
248,,WickedRide,Consumer Internet,Online Motorbike And Scooter Rental Platforms,Bengaluru,"Sequoia Capital, Accel Partners & Raghunandan Gangappa",Private Equity,87.178
249,,PolicyBazaar,Consumer Internet,Online Insurance Selling Platform,Gurugram,SoftBank Vision Fund & Info Edge (India) Ltd,Private Equity,1916.0
250,,HipBar,Consumer Internet,Digital Payment Platform For Beverage Delivery,Bengaluru,Diageo India,Private Equity,38.32
251,,Sqqrl,Finance,App-based investment platform,Gurugram,Equanimity Venture Fund,Seed/ Angel Funding,9.58
252,,Paytm,Technology,Digital Payment Platform,Noida,One 97 Communications,Private Equity,85.741
253,,Sigtuple,Healthcare,Data Driven Intelligence Solutions Platform,Bengaluru,"Accel Partners, IDG Venture, Endiya Partners, pi Ventures, VH Capital, Axilor Ventures and Binny Bansal",Private Equity,182.02
254,,Wow Express,Technology,E-commerce Logistics Platform,Mumbai,Undisclosed Existing Investors As Well As The Tamarind Family Trust,Private Equity,43.11
255,,Front Desk AI,Technology,An AI Platform Offering Automated Customer Service Software,Bengaluru,Speciale Invest & Others,Seed/ Angel Funding,10.538
256,,Edureka,Ed-Tech,Online Education Platform,Bengaluru,Leo Capital,Seed/ Angel Funding,19.16
258,2018-02-05,OpenTap,Finance,Online Lending Platform,Chennai,Unknown High Net-Worth Individuals,Seed / Angel Funding,4.311
259,2018-02-05,Bizongo,Consumer Internet,Aggregator For Packaging Material,Mumbai,"B Capital, International Finance Corporation (IFC), Accel Partners and IDG Ventures",Private Equity,210.76
260,2018-03-05,Disprz,IT,SaaS,Chennai,"IL&FS Private Equity, Kae Capital & Others",Seed / Angel Funding,23.95
262,2018-09-05,i3sysytems,Technology,AI product company For Health and Life Insurane Companies,Mumbai,"Unitus Ventures, Behram Vakil and Jerxis Vandrevala",Seed / Angel Funding,9.58
263,2018-11-05,Earth Food,Consumer Internet,Agri-tech,Pune,Rairah Corporation,Seed / Angel Funding,9.09142
264,,Nykaa,Consumer Internet,Beauty e-tailer,Mumbai,"Sunil Munjal, Harsh Mariwala, Dalip Pathak and Others",Private Equity,229.92
265,,mfine,Healthcare,Doctor-Consultation App,Bengaluru,"Prime Venture Partners, Stellaris Venture Partners and Mayur Abhaya Srisrimal",Private Equity,40.236
266,,Rocketium,Technology,Online Video Creation Platform,Bengaluru,Blume ventures,Seed/ Angel Funding,2.874
267,,MilkBasket,Technology,Micro-Delivery Grocery Startup,Gurugram,"Kalaari Capital, Unilever Ventures and Blume Ventures",Private Equity,67.06
268,,Vola,Finance,Micro Lending Platform,Bengaluru,Credika and unnamed angel investors,Seed/ Angel Funding,4.79
269,,Cashkumar,Consumer Internet,P2P Lending Platform,Bengaluru,LetsVenture,Seed/ Angel Funding,7.0413
270,,Edyoo,E-Commerce,Products For Shoolgoing Children,Bengaluru,RS Shanbag,Seed/ Angel Funding,7.0413
271,,Aashiyaan,Finance,Housing Finance For Low-Income Families,Kolkata,"Insistor, Oikocredit",Seed/ Angel Funding,19.16
272,,Smartivity,Ed-tech,Designer Of Toys and Learning Projects For Kids,Delhi,"Ashish Kacholi, S Chand Group",Seed/ Angel Funding,19.16
273,,Bonphulapl,Clean-tech,Oxygen Optimiser Manufacturer,Delhi,Atul Gupta and Saurabh Rastogi,Seed/ Angel Funding,2.80694
274,,Acko,Consumer Internet,Online Insurance Platform,Mumbai,"Amazon, Ashish Dhawan, Catamaran Ventures, NR Narayana Murthy.",Seed/ Angel Funding,114.96
275,,HWell24,Healthcare,Home Healthcare Aggregator,Mumbai,"Prashant Mehta, Mitali Pawar, Nikhil G and Bhavesh P, R Ranganathan, ONCOTRUST and Medintel Services Pvt. Ltd",Seed/ Angel Funding,1.916
276,,Toffee,Consumer Internet,Online Insurance Platform,Gurugram,"Kalaari Capital, Omidyar Network and Accion Venture Labs",Seed/ Angel Funding,14.37
277,,Tonetag,Technology,Mobile Payments Technology Platform,Bengaluru,Amazon Inc. and Mastercard,Private Equity,76.64
279,,Stellaps,Technology,Iot Application Platform In Agriculture,Bengaluru,"IndusAge Partners, Bill & Melinda Gates Foundation, Qualcomm Venture, ABB Technology Ventures, Omnivore, Blume Ventures, Venture Highway and BEENEXT",Private Equity,134.12
280,,Credright,Consumer Internet,Lending Platform For SMEs,Hyderabad,"Accion Venture Lab, YourNest Venture Capital And Other Angel Investors",Seed/ Angel Funding,12.454
281,2018-02-04,Fitternity,Consumer Internet,Online Fitness Discovey Platform,Mumbai,"Exfinity Venture, Saha fund Partners, Arihant Patni of Patni Family Office, Anjali Bansal, Shardul Amarchand Mangaldas, Satish Khanna and Taparia family office.",Private Equity,19.16
282,2018-02-04,Synctag,Technology,Social Media Anlaytics Platform,Coimbatore,Subhkam Ventures and Mohit Khadaria,Seed / Angel Funding,2.946808
285,2018-04-04,Varthana,Finance,Loans and Services To Affordable Private Schools in India,Bengaluru,"ChrysCapital, Existing investors, Elevar Equity, LGT Impact, Omidyar Network and Kaizen Private Equity also participated in the round",Private Equity,526.9
286,2018-05-04,IndigoLearn,Ed-Tech,Online Education Platform,Hyderabad,"Maheshwar Peri, founder and chairman of career information portal Careers360, and Jamshed Jeejeebhoy, director at Byramjee Jeejeebhoy Pvt. Ltd were among the angels",Seed / Angel Funding,1.437
287,2018-05-04,Vedantu,Ed-Tech,Interactive Online Tutoring Platform,Bangalore,"Accel Partners, Tiger Global And Others",Private Equity,95.8
288,2018-09-04,Kaleidofin,Fiinance,Digital Financial Services Platform,Chennai,Omidyar Network. Blume Ventures and Professor Shlomo Ben-Haim,Seed / Angel Funding,26.824
289,2018-09-04,Pipabella,Consumer Internet,Fashion Accessories Etailer,Mumbai,Fireside Ventures,Seed / Angel Funding,9.58
293,2018-10-04,TravelTriangle,Consumer Internet,Online Travel Marketplace,Gurugram,"Fundamentum, SAIF Partners, Bessemer Venture Partners, RB investments & Others",Private Equity,114.96
294,2018-12-04,Letsmd,Healthcare,Platform To Discover Healthcare Financing Options,Delhi,"SRI Capital, Waterbridge Ventures and ThinKuvate",Seed / Angel Funding,9.58
295,2018-12-04,AyeFinance,Finance,Online Lending Platform,Gurugram,"BlueOrchard Finance Ltd, Hinduja Leyland Finance and IntelleGrow",Debt Funding,44.068
296,,mintifi,Finance,Online Lending Platform,Mumbai,Lok Capital,Seed / Angel Funding,19.16
297,,icanstay,Consumer Internet,Online Platform For Luxury Hotel Stay For Business Travelers,Delhi,Mr. Manoj Prasad,Seed / Angel Funding,4.79
299,,Coverfox,Consumer Internet,Online Insurance Aggregator,Mumbai,"International Finance Corporation, Transamerica and others.",Private Equity,210.76
302,,Fyle Technologies,Technology,AI Based Expense Management Platform,Bengaluru,Pravega Ventures and Beenext,Seed / Angel Funding,10.538
303,,True Balance,Technology,Mobile Balance Checking App,Gurugram,"Line Ventures Corporation, Line Corp, Naver, Shinhan Bank and TS Investment",Private Equity,220.34
305,,Doxper,Healthcare,Digitized Health-Tech Solutions For Practitioners,Mumbai,Vidal Healthcare,Seed / Angel Funding,18.202
306,,Nykaa,Consumer Internet,Beauty e-tailer,Mumbai,"Sunil Munjal, Harsh Mariwala, Dalip Pathak and Others",Private Equity,105.38
308,,Capital Float,Finance,Online Lending Platform,Bengaluru,Amazon,Private Equity,210.76
309,,Trip shelf,Consumer Internet,Online Travel Marketplace,Delhi,"GEMS Advisory, Alok Mittal and Sachin Bhatia",Seed / Angel Funding,2.35668
310,,POPxo,Technology,Women Focussed Digital Media Platform,Delhi,"Neoplux, OPPO, IDG Ventures India, Kalaari Capital, GREE Ventures and Summit Media",Private Equity,52.69
312,,1mg,Consumer Internet,Online Pharmacy Store,Gurugram,"Sequoia Capital, Maverick Capital Ltd and HBM Healthcare Investments Ltd",Private Equity,95.8
314,,Samco,Consumer Internet,Online Stock Broker,Mumbai,Bay Capital Investments and Others,Private Equity,71.85
315,,MyLoanCare,Finance,B2C Online Loans Marketplace,Gurgaon,SAR Group,Seed / Angel Funding,9.36924
317,2018-01-03,Buddy4studdy,Consumer Internet,Online Scholarship Portal,Noida,CBA Capital and others,Private Equity,28.74
318,2018-01-03,Urban Ladder,E-Commerce,Online Furniture Store,Bengaluru,"Sequoia Capital, SAIF Partners and Kalaari capital",Private Equity,114.96
319,2018-03-03,Kuvera,Consumer Internet,Online Financial Planning,Bengaluru,"Baskar Subramanian, Saket Kumar, Gaurav Suri and Ankit Kesarwani",Seed / Angel Funding,2.395
320,2018-04-03,Gramophone,Technology,Agri-tech,Indore,InfoEdge,Seed/Angel Funding,9.58
321,2018-05-03,Wellthy,Healthcare,Therapeutics,Mumbai,"Ranjan Pai, Apoorva Patni, Beenext Ventures,GrowX Ventures",Private Equity,20.118
322,2018-05-03,MedGenome,Healthcare,"Genetic Screening, DNA Diagnostics Labs & Research Centers",Bengaluru,"HDFC Life, HDFC Asset Management",Private Equity,95.8
323,2018-05-03,Finova Capital,Consumer Internet,Online Lending,Jaipur,Sequoia Capital,Private Equity,57.48
324,2018-05-03,Hotelogix,Technology,Cloud based Online Hotel Management Software,Noida,"Vertex Ventures, Accel Partners and Saama Capital",Private Equity,47.9
325,2018-04-03,Livehealth,Consumer Internet,Health Service Aggregator Platform,Pune,Nexus Venture Partners,Seed / Angel Funding,10.538
326,2018-06-03,Ad2pro,Technology,"Creative Design, Brand, Media and Technology Platform Solutions",Chennai,Avendus Finance Pvt. Ltd,Debt Funding,92.926
327,2018-06-03,Coverfox,Consumer Internet,Online Insurance Aggregator,Mumbai,Aegon NV,Private Equity,72.808
328,2018-08-03,Pepperfry,Consumer Internet,Online Furniture Shopping Store,Mumbai,State Street Global Advisors,Private Equity,367.872
329,2018-08-03,Magicpin,Consumer Internet,Hyperlocal Discovery,Gurugram,Trifecta Capital,Debt Funding,9.58
330,2018-12-03,HealthCare,Consumer Internet,Healthcare Aggregator,Mumbai,HR Fund,Seed / Angel Funding,9.58
331,,PineLabs,Technology,Digital Payment Platform,Mumbai,"Actis, Altimeter Capital",Private Equity,785.56
333,,AvailFinance,Consumer Internet,Online Lending Platform,Bengaluru,"Matrix Partners, Bhavish Aggarwal, Ankit Bhati, Binny Bansal, Kunal Shah and Manish Patel.",Private Equity,164.776
334,,Grofers,Consumer Internet,Online Grocery Shop,Gurugram,"SoftBank, Tiger Global and Apoletto Managers.",Private Equity,593.96
335,,Fingerlix,Consumer Internet,Ready To cook Food Solution,Mumbai,Alteria Capital,Debt Funding,12.5498
336,,Karma Healthcare,Healthcare,Technology enabled equitable healthcare for India,Udaipur,"1Crowd, Ankur Capital",Seed / Angel Funding,4.79
337,,Zappfresh,Food & Beverages,Online Raw Meat E-tailer,Gurugram,"Amit Burman, SIDBI Venture Capital",Seed / Angel Funding,28.74
338,,CustomerSucessBox,Technology,Customer Success Software for B2B SaaS,Gurugram,"Pi Ventures, Axilor Ventures",Seed / Angel Funding,9.58
341,,Chargebee,Technology,Subscription Billing & Recurring Payments Software,Chennai,"Insight Venture Partners, Accel Partners and Tiger Global Management.",Private Equity,172.44
342,,i2i Funding,Consumer Internet,Online loan platform,Noida,SucSEED Venture Partners,Seed / Angel Funding,7.35744
343,,Slang Labs,Technology,Voice-based assistant platform,Bengaluru,Endiya Partners,Seed / Angel Funding,11.8792
345,,Cash Suvidha,Consumer Internet,Online loan platform,Delhi,"Initia Holdings,Vipin Agarwal and others.",Seed / Angel Funding,9.58
347,,Smartcoin,Finance,Micro lending company,Bengaluru,"Accion Venture Lab, Unicorn India Ventures and ISME ACE.",Seed / Angel Funding,19.16
348,,The Print,Media,News portal,Delhi,Ratan Tata,Seed / Angel Funding,5.1253
349,,DriveU,Technology,Professional Car Drivers Hiring App,Bengaluru,Amit Singhal and Unitus Seed Fund,Private Equity,28.74
351,2018-01-02,BigBasket,Consumer Internet,Online Grocery & Food Store,Bengaluru,"Alibaba, Helion Venture Partners, Bessemer Venture Partners, Ascent Capital",Private Equity,2874.0
352,2018-01-02,Zomato,Food and Beverages,Food Ordering and Restaurant Discovery,Gurugram,Ant Financials,Private Equity,1916.0
353,2018-05-02,Pratilipi,Publishing,E-Publishing,Bengaluru,Omidyar Network,Private Equity,41.194
354,2018-05-02,Asia Institute Of Medical Science,Healthcare,Super-specialty Hospital,Faridabad,CDC Group Plc,Private Equity,201.18
355,2018-05-02,CollegeDekho,Consumer Internet,Online platform for Higher Education Services,Gurugram,"Man Capital LLP, Girnar Software, Others",Private Equity,19.16
357,2018-06-02,Healthi,Healthcare,Preventive Health Checkup,Bengaluru,Montane Ventures,Private Equity,29.698
358,2018-07-02,Swiggy,Food and Beverages,Online Food Delivery,Bengaluru,Naspers,Private Equity,958.0
359,2018-08-02,Shape,Healthcare,"Online Portal for Diet,fitness and Beauty",Pune,Sandeep Mathur,Seed / Angle Funding,958.0
360,2018-08-02,Icertis,Consumer Internet,Enterprise Contract Management Platform,Pune,Meritech Capital Partners,Private Equity,479.0
361,2018-09-02,healthifyme,Healthcare,Mobile Weight Loss Coach,Bengaluru,Sistema Asia Fund,Private Equity,114.96
363,2018-09-02,Rupeek,Consumer Internet,Online Gold Loan,Bengaluru,"Accel Partners, Sequoia Capital",Private Equity,65.4314
365,2018-12-02,Lendingkart,Finance,Online Lending Platform,Bengaluru,Fullerton Financial Holdings Pte Ltd & Others,Private Equity,833.46
367,2018-12-02,Cashify,E-Commerce,Online Selling,Gurugram,Trifecta Capital,Debt Funding,8.95815262
368,,holachef,Food and Beverages,Online Food Delivery,Mumbai,Ashok Kumar Gajera,Seed / Angle Funding,2.981296
370,,IMAX Program,Ed-Tech,Individualised Progressive Learning Program,Bengaluru,"Michael & Susan Dell Foundation, LGT Impact Ventures",Private Equity,129.33
371,,Littlemore,Ed-Tech,Online Education Platform,Chennai,Kalpavriksh,Private Equity,28.74
372,,Toppr,Ed-Tech,Online Education Platform,Mumbai,Axis Capital Partners,Private Equity,0.958
373,,Shirsa Labs,Ed-Tech,Integrated Kids Engagement Company,Mumbai,"Dewang Neralla, Mahesh Kothurkar,Atul Agarwal",Private Equity,4.79
374,,MoneyOnMobile,Technology,mobile payment platform,Mumbai,S7 Group,Private Equity,47.9
375,,PetSutra,Consumer Internet,Online Pet Care Products,Gurugram,Michael Patrick Hickey,Seed / Angel Funding,1.42199772
376,,Infibeam,E-Commerce,Online Retailing,Ahemadabad,Network 18,Private Equity,59.6834
377,,happay,Finance,Expense Management,Bengaluru,Sequoia and Jerry Yang,Seed / Angel Funding,2.395
378,,Fincash,Finance,Fin-Tech,Mumbai,"Mohammed Khan, Sameer Narayan & Others",Seed / Angel Funding,1.437
379,,AyeFinance,Finance,Online Lending,Gurugram,"Hinduja Leyland Finance, IntelleGrow",Private Equity,36.404
380,,Agricxlab,Agriculture,Agri-tech,Mumbai,Ankur Capital,Seed / Angel Funding,4.79
381,,Udaan,E-Commerce,B2B Marketplace,Bengaluru,Lightspeed & Yuri Milner,Private Equity,479.0
382,,Capillary,IT,SaaS,Bengaluru,"Wargburg Pincus, Sequoia",Private Equity,191.6
383,,The Healthy Billions,Healthcare,Analytics,Gurugram,"Blume Ventures, HealthQuad and Fireside Ventures",Private Equity,20.118
385,,Avishkaar Box,Ed-Tech,Education,Delhi,Auxano Deals,Private Equity,7.40055
386,,Planys Technologies,Technology,Robotic InspectionStartup,Chennai,"Kris Gopalakrishnan, Pratithi Investment Trust, MEMG Family Office, S Gopal",Private Equity,9.9632
388,,Trilyo,Technology,AI platform for hospitality industry,Mumbai,"Startup Buddy,Amit Manocha and others",Seed / Angel Funding,2.395
389,,Gaana,Technology,Online Music Streaming,Gurugram,"Tencent Holdings Ltd, Times Internet",Private Equity,1101.7
390,,Credy,IT,SaaS,Bengaluru,"Y Combinator, Khosla Ventures, Vy Capital and others",Seed / Angel Funding,13.412
393,2018-04-01,EarlySalary,Finance,Online Lending,Pune,Eight Roads Ventures India,Private,150.406
396,2018-09-01,Lendingkart,Finance,Online Lending,Ahmedabad,Nederlandse Financierings-Maatschappij voor Ontwikkelingslanden N.V.,Debt Funding,45.026
398,2018-10-01,Tapzo,Technology,Personal Assistant,Bengaluru,RuNet & Other,Private Equity,18.4894
399,2018-10-01,Appario Retail Pvt Ltd.,E-commerce,Retail,Delhi,Amazon-Patni JV,Private Equity,180.4872
400,2018-10-01,Samunnati,Finance,Agricultural Loan,Chennai,"responsAbility, Elevar Equity and Accel Partners",Private Equity,225.13
401,2018-10-01,Sahajanand Medical Technologies,Technology,Medical Devices,Surat,Morgan Stanley Private Equity Asia,Private Equity,347.0834
402,2018-12-01,Kuants,Technology,Algorithmic Trading,Gurgaon,"Pankaj Chopra, Ankush Gupta",Angel / Seed Funding,0.7664
403,2018-12-01,Razorpay,Technology,Payment Gateway,Bengaluru,"Tiger Global, Y Combinator",Private Equity,191.6
404,,Streak,Technology,Algorithmic Trading,Bengaluru,"Indian fintech fund, Rainmatter",Angel / Seed Funding,3.397068
405,,pi Ventures,Finance,Venture Capital,Bengaluru,"Sunil Kant Munjal, Hero Electronix\\xe2\\x80\\x99s corporate financing arm, Electronic Development Fund",Private Equity,239.5
406,,Newgen Software,Technology,IT,New Delhi,"Goldman Sachs, hedge fund & Others",Private Equity,191.6
407,,Rubix,Technology,Education,Pune,Polaris Fund,Private Equity,9.58
408,,ShareChat,Technology,Social,Bengaluru,"Xiaomi Singapore, Shunwei Capital",Private Equity,174.356
409,,Paperflite,Technology,IT,Chennai,The Chennai Angels,Angel / Seed Funding,3.832
410,,HungerBox,Consumer Internet,Food and Beverages,Bangalore,Lionrock Capital,Private Equity,23.95
412,,OptaCredit,Finance,Alternative Lending,Chennai,DMI Finance,Private Equity,38.32
413,,AEON Learning,Technology,Education,Bengaluru,Dr. Ranjan Pai,Private Equity,30.656
414,,Milkbasket,E-commerce,Online Grocery,Gurugram,Unilever Ventures,Private Equity,28.74
415,,NeoGrowth Credit,Finance,Digital Lending,Mumbai,"LeapFrog Investments, Aspada Investment, Quona Capital",Private Equity,450.26
416,,Rao IIT Academy,Education,Coaching Services,Mumbai,Avendus Finance,Structured Debt,82.388
417,,Aye Finance,Finance,Online Lending,Gurugram,IFMR Capital,Term Loan,59.7792
419,,GreyAtom,Technology,Education,Mumbai,Pravega Ventures,Private Equity,9.58
420,,Axio,Healthcare,Hemostatic Dressing Solutions,Bengaluru,RNT Capital,Private Equity,70.892
421,,eKincare,Healthcare,Technology,Hyderabad,"Ventureast, Endiya Partners, Eight Roads Ventures, Touchstone Equities, BVR Mohan Reddy",Private Equity,14.37
422,,The Wedding Brigade,Consumer internet,Online Services,Mumbai,Blume Ventures,Private Equity,9.58
423,,PeeSafe,Healthcare,Hygiene,Gurugram,"Shivani Singh, Rahul Maroli, Mitesh Shah, Venture Catalysts, Alfa Capital, Green Shots Capital, Real Time Ventures.",Private Equity,9.58
424,,BrowserStack,Technology,Browser Testing,Mumbai,Accel Partners,Private Equity,479.0
425,,Scapic,Technology,Virtual Reality,Bengaluru,"Axilor Ventures, Newfort Capital",Angel / Seed Funding,4.79
426,,MoneyOnMobile,Technology,Mobile Payment Platform,Mumbai,Undisclosed Investors,Private Equity,72.808
427,,CureFit,Healthcare,Fitness,Bengaluru,"HDFC Bank, Axis Bank",Debt Funding,95.8
428,,iNurture,Technology,Education Solutions,Bengaluru,Ventureast,Private Equity,42.152
430,2017-05-12,Dunzo,Technology,Daily Task Management Mobile App,Bangalore,Google,Private Equity,117.834
431,2017-05-12,Tata Housing,Real Estate,Residential Project,Mumbai,Hines,Private Equity,220.34
432,2017-05-12,HandyTrain,Technology,Mobile Learning Management Platform,Goa,NB Ventures,Private Equity,9.58
433,2017-05-12,Mobycy,Technology,Bicycle sharing Platform,Gurgaon,Undisclosed Investors,Seed/Angel Funding,4.79
434,2017-06-12,Greenlight Planet,Technology,Off-grid solar products platform,Mumbai,"Apis Partner, Eight Roads Ventures, Bamboo Capital Partners",Private Equity,574.8
435,2017-06-12,Fintobox,Technology,Child Learning & Development Platform,Chennai,Lightbox,Private Equity,67.06
436,2017-07-12,Mswipe,Technology,Mobile point of sale services provider,Mumbai,Eduardo Saverin,Private Equity,95.8
437,2017-07-12,The Label Life,E-Commerce,Home Decor and Online Fashion Portal,Mumbai,Kalpvriksh,Private Equity,29.698
438,2017-07-12,Cygnus Hospitals,Healthcare,Super speciality Hospitals,Gurgaon,Somerset Indus Capital Ventures,Seed/Angel Funding,7.185
439,2017-07-12,eShakti,Ecommerce,"""Women\\'s Fashion Clothing Online Platform""",Chennai,IDG Ventures,Debt Funding,22.034
440,2017-08-12,Inshorts,Technology,Mobile News Curation App,Noida,Tiger Global,Private Equity,47.9
441,2017-11-12,Vahdam Tea,E-Commerce,Online Platform Selling Indian Tea Globally,Delhi,"Singapore Angel Network, Mumbai Angel",Private Equity,14.37
442,2017-11-12,Logic Roots,Technology,Educational Platform to Learn Mathematics,Mumbai,Village Capital,Seed/Angel Funding,0.479
443,2017-11-12,Project Mudra,Technology,Assisting Visually Impaired to learn through Braille,Bengaluru,Village Capital,Seed/Angel Funding,0.479
444,2017-11-12,Furlenco,Technology,Furniture Rental Platform,Bengaluru,Aamir Khan,Debt Funding,11.496
445,2017-12-12,I Can Stay,Technology,Hotel Aggregator Platform,Delhi,HT Media,Private Equity,17.244
447,2017-12-12,Simility,Technology,Adaptive Fraud Intelligence Platform,Hyderabad,Accel Partners,Private Equity,167.65
448,2017-12-12,Shopholix,E-Commerce,Fashion and Lifestyle Coupon Platform,Gurgaon,Munesh Khanna,Seed/Angel Funding,2.23214
449,,MindTickle,Technology,Gamification Platform to train Sales People,Pune,Canaan Partners,Private Equity,258.66
450,,Nazara Technologies,Technology,Mobile Games Development Firm,Mumbai,Rakesh Jhunjhunwala,Private Equity,258.66
451,,DocsApp,Technology,Mobile Application for Doctor Consultation,Bengaluru,Bessemer Venture Partners,Private Equity,68.976
453,,Tea Box,E-Commerce,Fresh Indian Tea Selling Platform across 112 countries,Bengaluru,RB Investments,Private Equity,67.06
454,,Transversal Technologies,Technology,Hyperlocal Video Information Sharing Platform,Bengaluru,Matrix Partners,Private Equity,57.48
455,,Curofy,Technology,Mobile App for Network of Doctors,Gurgaon,RoundGlass Partners LLC,Seed/Angel Funding,2.395
456,,HomeLane,E-Commerce,Online Furniture Marketplace,Bengaluru,"Accel Partners, Sequoia Capital, RB Investments",Private Equity,95.8
458,,Purplle,E-Commerce,Beauty Products Online Marketplace,Mumbai,"Mountain Pain Capital, Suncoast Investments",Seed/Angel Funding,5.14446
461,,Springboard,Technology,Online Courses and Mentoring from Experts,Bengaluru,"Costanoa, Learn Capital, Jyoti Bansal",Private Equity,91.01
463,,9Stacks,Technology,Online Poker Platform,Delhi,"Swati Gupta, Purnima Khandelwal, Maheshwar Peri, Sanjay Singh",Private Equity,14.37
464,,Your Quote,Technology,Vernacular and Video Content Platform,Bengaluru,"Axilor Ventures, E-City VEntures Atul Goel",Private Equity,9.58
465,,Spandana Sphoorty,Finance,Micro finance institution providing small ticket unsecured loans to women,Hyderabad,"""Kedaraa Capital, Ontario Teachers\\'""",Private Equity,186.81
466,,Indus OS,Technology,Regional Operating System for Smartphones,Mumbai,Omidyar Network,Private Equity,38.32
467,,EasyEcom,E-Commerce,Ecommerce enabler platform,Bengaluru,"Ambarish Gupta, Aneesh Reddy, Bold Ventures, Vona Investments",Seed/Angel Funding,1.437
469,,Specsmakers,E-Commerce,Online Spects Platform for Men and Women,Chennai,Eight Roads Ventures India,Private Equity,95.8
471,,Foyr.com,Technology,Realty Tech Startup solving real life Interior Designing problems,Hyderabad,Jones Lang LaSalle,Private Equity,36.404
472,2017-02-11,Prest Loans,Finance,Business & SME Loans provider,New Delhi,"Manish Poddar, Arun Garg, Parmeshwar Sharma",Seed Funding,5.4606
475,2017-03-11,Vagupu,Technology,Online Tutorial Marketplace,Bangalore,Undisclosed Investors,Seed Funding,9.58
477,2017-03-11,Kalpnik Technologies,Technology,VR based Spiritual platform,Bangalore,Venture Catalysts,Seed Funding,4.79
478,2017-04-11,Hevo Data,Technology,Real time data analytics & reporting,Bangalore,IDG Ventures India,Private Equity,9.58
482,2017-07-11,DocTalk,Technology,Doctor Patient Communication platform,Mumbai,"Matrix Partners India, Khosla Ventures",Private Equity,47.9
483,2017-07-11,CoveIoT,Technology,Wearable tech and Internet of Things platform,Bangalore,"Titan Co Ltd, Tata Group\\xe2\\x80\\x99s watch and jewellery retailing firm",Private Equity,47.9
484,2017-08-11,TalentEdge,Technology,Distance Education Learning Platform,Bangalore,Lumis Partners,Private Equity,72.808
485,2017-08-11,Fisdom,Finance,Mutual Fund Investment App,Bangalore,Quona Capital Management,Private Equity,28.74
486,2017-08-11,FarmLink,eCommerce,Online platform for Agricultural products,Mumbai,"Pioneering Ventures, Syngenta AG",Private Equity,28.74
487,2017-08-11,OpenApp,Technology,IoT based Tech Startup,Bangalore,"Axilor Ventures, Kumar Vembu",Private Equity,34.488
488,2017-09-11,NoPaperForms,Technology,Enrolment Management Platform,Delhi,Info Edge,Seed Funding,8.35376
491,2017-10-11,Qubole,Technology,Big Data based analytics platform,Bangalore,"Singtel, Innov8, Harmony Partners",Private Equity,239.5
493,,Universal Sportsbiz Pvt. Ltd,ECommerce,Celebrity fashion accessories and merchandise,Mumbai,Accel Partners,PrivateEquity,143.7
495,,Active AI,Technology,AI based FinTech platform,Bangalore,Vertex Ventures,Private Equity,79.035
496,,Sumeru,Technology,Banking Software License Platform,Bangalore,Undisclosed Investors,Seed Funding,8.622
498,,Omnia Information,Technology,WiFi Analytics Platform,Delhi,Omidyar Network,Private Equity,28.74
501,,Kanhaiya,Inspiration,Storytelling platform,Hyderabad,Undisclosed Investors,Seed/Angel Funding,1.916
503,,ONN Bikes,Technology,Self riding bike rental program,Mumbai,Z Nation Lab,Seed/Angel Funding,6.62936
504,,Rapido,Technology,Bike and Taxi pooling online platform,Hyderabad,"Skycatcher Fund, Aravind Sanka",Seed/Angel Funding,3.1540234
505,,Heckyl,Technology,Big Data Analytics Platform,Mumbai,"Notion Capital, IDG Ventures",Private Equity,25.866
506,,Nuvepro,Technology,Managed Cloud Environment Solutions,Mumbai,1Crowd,Seed/Angel Funding,3.832
507,,RedBook,Technology,AI based pharmacy drugs insights platform,Mumbai,"Vida Ventures, Dr. Aniruddha Malpani",Seed/Angel Funding,2.395
508,,Portea,Healthcare,Healthcare facilities at doorstep,Bangalore,"Sabre Partners, MEMG CDC",Private Equity,249.08
510,,Epiq Capital,Finance,Tech based investor firm,Mumbai,Global Institutional Investors,Private Equity,1916.0
513,,IDG Ventures,Finance,Venture Capitalist,Bangalore,Uniliver Ventures,Private Equity,95.8
514,,TempGo,Technology,IoT and SaaS based transportation platform,Goa,Javelin StartupO Victory Fund,Seed/Angel Funding,2.395
515,,Edelweiss,Finance,Diversified Financial,Mumbai,Undisclosed investors,Private Equity,2586.6
516,,ERA,Technology,Identity management platform,Mumbai,Amit Patni,Seed/Angel Funding,0.37362
517,,Smaaash,Technology,Virtual Reality based gaming platform,Mumbai,Sixth Sense Ventures,Private Equity,36.404
518,,Chumbak,Lifestyle,Designer-led consumer products,Bangalore,Gaja Capital,Private Equity,124.54
519,,FR8,Technology,Online Truck aggregator platform,Chennai,IFMR Capital,Debt Funding,14.37
520,,MobieFit,Healthcare,Health and fitness based mobile App,Goa,"NB Ventures, MediAssist",Seed/Angel Funding,12.933
521,,Stanza Living,Technology,Student accommodation platform,Delhi,"Matrix PArtners, Accel",Private Equity,19.16
524,2017-03-10,Ola Cabs,Consumer Internet,App based cab hailing services,Bangalore,"Tencent, Softbank Group",Private Equity,1053.8
526,2017-04-10,CollPoll,Consumer Internet,Education collaboration platform,Bangalore,Sprout Angels,Seed Funding,2.93148
527,2017-04-10,PhonePe,Consumer Internet,Digital Wallet,Bangalore,Flipkart,Private Equity,370.746
528,2017-05-10,Little Black Book,Consumer Internet,Local Recommendations and Discoveries Platform,New Delhi,"Blume Ventures, IDG Ventures & Indian Angel Network",Private Equity,9.58
529,2017-05-10,Oorjan,Technology,rooftop solar platform,Mumbai,Globevestor,Seed Funding,4.311
530,2017-05-10,Zefo,ECommerce,Ecommerce Portal for Used Goods,Bangalore,"Sequoia India, Helion Venture Partners, Beenext",Private Equity,88.136
531,2017-06-10,Yaantra,ECommerce,Mobile repair and Refurbishment platform,New Delhi,Carpediem Capital,Private Equity,29.698
532,2017-06-10,Farm Taaza,Technology,Fresh Produce SCM company,Bangalore,"Epsilon Venture Partners, Tara India Fund IV and others",Private Equity,76.64
533,2017-06-10,Drivezy,Consumer Internet,Self Drive car and bike rental platform,Bangalore,"Das Capital, Axan Partners, Das Capital and IT Farm",Private Equity,95.8
534,2017-06-10,Slice Pay,Consumer Internet,Student Micro-financing platform,Bangalore,"Das Capital, Simile Ventures",Private Equity,19.16
536,2017-09-10,MyGubbi,eCommerce,Home Interior Designing Seller,Bangalore,"Firoze Irani, Vipul Parekh, Ananda Kallugadde, Rajesh K Murthy",Private Equity,25.866
539,2017-09-10,OneStepUp,Technology,Education Technology platform,New Delhi,Orient BlackSwan,Seed Funding,3.21888
541,2017-10-10,Parallel Dots,Technology,AI-powered deep learning solutions,Gurgaon,"Multipoint Capital,",Private Equity,13.412
542,2017-10-10,Easy Diner,Consumer Internet,online restaurant reservation platform,Gurgaon,Saama Capital and DSG Consumer Partners,Private Equity,43.11
543,2017-11-10,Meesho,ECommerce,Online Reseller Network,Bangalore,"SAIF Partners, YCombinator, Venture Highway",Private Equity,29.698
544,2017-11-10,StanPlus,Logistics,Medical Transportation Services,Hyderabad,KStart Capital,Private Equity,10.538
545,2017-12-10,UCLID,Technology,"Education Network for Institutions, teachers & Students",Hyderabad,Undisclosed investors,Seed Funding,2.2513
546,,Policy Bazaar,Consumer Internet,Online insurance policy aggregator,Gurgaon,"Wellington Management, DG Ventures India, True North",Private Equity,737.66
547,,Gapoon,Consumer Internet,home maintenance services platform,Bangalore,"Vida Ventures, Snehal Mantri, Anshu Bahadur",Seed Funding,2.395
548,,Chaayos,eCommerce,Online Chai ordering platform,Gurgaon,Tiger Global Management,Private Equity,19.16
549,,KrazyBee,Consumer Internet,Micro-lending platform,Bangalore,"Xiaomi Technologies, Shunwei Capital",Private Equity,76.64
550,,Renew Buy,Consumer Internet,Online Insurance Aggregator,New Delhi,Amicus Capital,Private Equity,88.136
551,,Fingerlix,Consumer Internet,Food Ordering Portal,Bangalore,"Accel Partners, Zephyr Peacock",Private Equity,67.06
552,,Bank Bazaar,Consumer Internet,Online Financial Marketplace,Chennai,Experian,Private Equity,67.06
554,,BlackBuck,Logistics,B2B Logistics provider,Bangalore,Innoven Capital,Private Equity,73.766
555,,LenDen Club,Consumer Internet,Online peer-to-peer lending platform,Mumbai,Undisclosed Investor,Seed Funding,4.79
556,,Toppr,Consumer Internet,Mobile based learning app,Mumbai,"SAIF Partners, Helion Ventures, FIL Capital Management",Private Equity,67.06
557,,RAW Pressery,Food & Beverage,Cold pressed Juice maker,Mumbai,"DSG Consumer Partners, Sequoia Capital, Saama Capital",Private Equity,57.48
558,,Cashe,Consumer Internet,app-only lending platform,Mumbai,IFMR Capital,Debt Funding,29.698
559,,Park Easy,Consumer Internet,Machine learning based parking discovery,Kolkata,Rockstart Accelerator,Seed Funding,1.13044
561,,FYRE,Food & Beverage,Herbal energy shot maker,Mumbai,Venture Catalysts,Seed Funding,4.79
562,,ZipLoan,Consumer Internet,SME lending platform,New Delhi,"Matrix Partners India, WaterBridge Ventures, Whiteboard Capital, Sarbvir Singh",Private Equity,28.74
563,,Skillenza,Consumer Internet,Online Learning Platform,Bangalore,"Blume Ventures, Indian Angel Network",Seed Funding,6.91676
566,,SpotDraft,Consumer Internet,Contract Automation,Gurgaon,"Hunch Ventures, Spiral Ventures, 500 Startups, Singapore Angel Network, Citrus Payments",Seed Funding,5.269
567,,Big Basket,eCommerce,Online Grocery portal,Bangalore,Helion Ventures Partners,Private Equity,47.9
568,,OfBusiness,Technology,B2B Finance & Fulfilment Network,Gurgaon,Kotak Mahindra Bank,Debt Funding,36.404
570,,CashFree,Technology,Payments Platform for Marketplaces and Fintechs,New Delhi,Y Combinator,Seed Funding,1.1496
571,,Ola Cabs,Consumer Internet,App based cab hailing services,Bangalore,ANI Technologies Pvt. Ltd,Private Equity,73.766
572,,GoldFarm,Food & Beverage,Agriculture Technology,Coimbatore,Mahindra & Mahindra and Infuse Ventures,Private Equity,19.16
573,,NetMeds,ECommerce,Online Pharmacy,Chennai,TannCam Investment & Sistema Asia Fund,Private Equity,134.12
574,,MSE,Finance,Equity Stock Exchange,Mumbai,"IL&FS, Trust Capital, Rosy Blue Securities, Radhakrishan Damani and Rakesh Jhunjhunwala",Private Equity,306.56
575,2017-01-09,Aahaa Stores,eCommece,Online B2B store for office supplies,Chennai,YourNest Angel Fund,Private Equity,9.58
576,2017-01-09,MFine,Consumer Internet,Online Doctor Discovery platform,Bangalore,"Stellaris Venture Partners, Mayur Abhaya, Rohit MA",Private Equity,14.37
577,2017-01-09,Canvera,Consumer Internet,Online Photography platform,Mumbai,InfoEdge,Private Equity,12.454
578,2017-04-09,PrimaryIO,Technology,Application Performance Acceleration,Pune,"Accel Partners, Exfinity Ventures, Partech Ventures",Private Equity,53.648
579,2017-05-09,Shubh Loans,Consumer Internet,online lending platform,Bangalore,"SRI Capital, BeeNext, Pravega Ventures",Private Equity,14.37
580,2017-05-09,Nest Education,Technology,EduTech Platform,Gurgaon,"Michael and Susan Dell Foundation, Anand Mahindra",Seed Funding,5.748
581,2017-06-09,Lending Kart,Consumer Internet,Online Lending Platform,Ahmedabad,"Bertelsmann India, Mayfield Capital, Saama Capital, Darrin Capital",Private Equity,102.985
582,2017-06-09,GoFro,Consumer Internet,Online travel booking platform,New Delhi,"HIS Co. Ltd, MakeMyTrip",Private Equity,95.8
583,2017-06-09,OncoStem,Healthcare,Medical Diagnostic Solutions,Bangalore,"Sequoia Capital India, Artiman Ventures",Private Equity,57.48
584,2017-06-09,Power2SME,eCommerce,Buying Club for Small Businesses,Gurgaon,"International Finance Corporation (IFC), Inventus Capital Partners, Accel Partners, Kalaari Capital, and Nandan Nilekani,",Private Equity,249.08
585,2017-07-09,Credit Vidya,Consumer Internet,Online Credit scoring platform,Mumbai,Matrix Partners,Private Equity,47.9
587,2017-07-09,OYO Rooms,Consumer Internet,Branded budget hotels marketplace,Gurgaon,"SoftBank Group, Sequoia Capital India, Lightspeed Venture Partners, Greenoaks Capital, Hero Enterprise",Private Equity,2395.0
588,2017-07-09,Early Salary,Consumer Internet,Online Unsecured Lending platform,Pune,IFMR Capital,Debt Funding,7.4724
590,2017-07-09,Seniority,eCommerce,Ecommerce portal for senior citizens,Pune,RPG Enterprises,Private Equity,9.58
591,2017-08-09,AYE Finance,Consumer Internet,Micro Lending Platform,New Delhi,"Triodos Investment Management,",Debt Funding,66.102
593,2017-11-09,Ecom Express,Logistics,Logistics Solutions provider,New Delhi,Warburg Pincus,Private Equity,287.4
594,2017-11-09,Call Health,Consumer Internet,Healthcare Services Aggregator,Hyderabad,"Sachin Tendulkar, P.V SIndhu, Pullela Gopichand",Private Equity,59.396
596,2017-12-09,3HCare,Consumer Internet,Healthcare services portal,New Delhi,Undisclosed Investor,Seed Funding,0.958
597,2017-12-09,Tonbo Imaging,Technology,Imaging Technology for Armed Forces,Bangalore,"WRV Capital, Qualcomm Ventures, Edelweiss Private Equity, Artiman Ventures",Private Equity,162.86
598,2017-12-09,Get My Parking,Consumer Internet,Smart Parking Enabler,New Delhi,"IAN Fund, Beenext, Indian Angel Network",Private Equity,28.74
600,,Glowroad,Consumer Internet,women focussed customer-to-customer reseller network,Bangalore,"Accel Partners,",Private Equity,19.16
601,,OYO Rooms,Consumer Internet,udget hotel marketplace,Gurgaon,China Lodging Group,Private Equity,95.8
602,,Unacademy,Consumer Internet,Online learning platform,Mumbai,"Sequoia Capital India, SAIF Partners, Nexus Venture Partners and Blume Ventures,",Private Equity,110.17
603,,Heterogenous,Technology,Telecom & IoT platform,Chennai,"Chennai Angels, Keiretsu Forum & Others",Seed Funding,7.4724
605,,Smaaash,Technology,Virtual Reality gaming and entertainment platform,Mumbai,ECL Finance,Private Equity,421.52
606,,WheelStreet,Consumer Portal,Bike Rental Platform,Bangalore,Y Combinator,Seed Funding,1.1496
608,,The Moms Co,eCommerce,Pregnancy & Baby Care product etailer,Gurgaon,"DSG Consumer Partners, Saama Capital",Private Equity,9.58
610,,High Radius,Technology,Integrated receivables software solutions,Hyderabad,Susquehanna Growth Equity LLC,Private Equity,479.0
612,,SaveBC,Finance,financial services firm,Gaya,Incofin Investment Management.,Private Equity,57.48
615,,Homergize,eCommerce,Home Furnishing & Building material marketplace,Bangalore,LG Chandrasekhar,Private Equity,9.58
616,,Yatra.com,eCommerce,Online Travel Agency,Gurgaon,InnoVen Capital India,Debt Funding,147.532
619,,Synup,Technology,SME Marketing Management Solution,Bangalore,"Vertex Ventures, Prime Venture Partners.",Private Equity,57.48
622,,Rapido,Consumer Internet,Bike Aggregator Mobile App,Bangalore,Battery Road Digital Holdings LLC,Seed Funding,4.04276
623,,Sportobuddy,Consumer Internet,Sports & Sport related equipment portal,Mumbai,Mehul Shah,Seed Funding,1.437
627,,Transerve,Technology,Geospatial Technology-based SaaS solutions,Mumbai,"IL&FS Investment Managers, Omidyar Network.",Private Equity,15.328
629,,Pitstop,Consumer Internet,Car repair and Servicing Platform,Bangalore,"Blume Ventures, Goldbell Group, Anurag Srivastava, Shailesh Rao, Amiya Pathak, Rajesh Yohanan and Rahul Garg",Private Equity,9.58
631,,MyUpchar,Consumer Internet,Local Language Health Information portal,New Delhi,LetsVenture,Seed Funding,2.874
632,,Aadyah,Technology,Defense Tech & Aerospace startup,Bangalore,Keiretsu Forum,Private Equity,9.58
633,2017-01-08,TouchKin,Technology,Predictive Care Platform,Bangalore,Kae Capital,Private Equity,12.454
636,2017-02-08,Zepo,Consumer Internet,DIY Ecommerce platform,Mumbai,"Kunal Shah, LetsVenture, Anupam Mittal, Hetal Sonpal",Seed Funding,4.79
637,2017-02-08,Click2Clinic,Consumer Internet,healthcare service aggregator,Hyderabad,"Narottam Thudi, Shireesh Palle",Seed Funding,8.143
638,2017-03-08,SpeedBox,Logistics,On-Demand Logistics Service provider,Mumbai,Cismat Cargo Services Pvt. Ltd.,Seed Funding,2.874
646,2017-08-08,New Castle Technologies,Technology,Hospital Management Software,Chennai,Undisclosed investors,Seed Funding,2.32794
647,2017-08-08,My Forex Eye,Consumer Internet,foreign exchange services,New Delhi,"Rahul Dev Kumar, Rajesh Mahajan, Ankit Sharma and others",Seed Funding,2.1076
648,2017-09-08,TruxApp,Logistics,Mobile based Logistics Service,New Delhi,"Venugopal Dhoot, Ajay Bhatia, Tarun Khandelwal, Ganpat Singhvi, Mandhian family & Others",Seed Funding,29.698
649,2017-09-08,CroFarm,Technology,Agriculture Supply Chain solutions,Gurgaon,Factor[e] Ventures,Seed Funding,7.50114
652,2017-11-08,Flipkart,eCommerce,Online Marketplace,Bangalore,Softbank,Private Equity,23950.0
654,2017-11-08,Ola Cabs,Consumer Internet,App based cab aggregation Service,Gurgaon,Tekne Capital Management,Private Equity,344.88
656,,Digilend,Technology,Personal Loans & EMI solutions platform,Mumbai,"InCred Finance, Fullerton India Credit Company Ltd",Seed Funding,2.98896
657,,KNAB Finance,Consumer Internet,Unsecured Small Business Loans,Bangalore,"InCred, Krishnakumar Natarajan, Ravi Bhardwaj",Seed Funding,3.6883
659,,Rootefy,eCommerce,Building material online store,New Delhi,"Abhinav Gupta,",Seed Funding,1.79146
660,,Uniphore,Technology,speech recognition startup,Chennai,IDG Ventures,Private Equity,65.144
661,,Cerebroz,Consumer Internet,E-Tech platform,Vadodara,Undisclosed HNI\\xe2\\x80\\x99s,Seed Funding,7.03172
665,,Dhruva,Technology,Cloud data protection and management solutions,Pune,"Riverwood Capital, Sequoia Capital India, Nexus Venture Partners, Tenaya Capital",Private Equity,766.4
666,,Bombay Shaving Company,eCommerce,Men Grooming product etailer,New Delhi,Fireside Ventures,Private Equity,22.034
668,,Indiez,Technology,Software & Mobile app development platform,Bangalore,Haresh Chawla,Seed Funding,4.79
669,,Ezetap,Technology,mPOS solutions provider,Bangalore,"JS Capital Management, Social Capital, Horizons Ventures,",Private Equity,153.28
670,,Ink Monk,Consumer Internet,Online printing marketplace,Chennai,"VAMM Ventures, Raksul, Dena",Seed Funding,7.185
671,,Medinfi,Consumer Internet,Online Doctor Discovery Platform,Bangalore,"PBS Srinivas, Vinod Martin,",Seed Funding,1.1975
672,,Mobikon,Technology,Restaurant & Hotel CRM platform,Pune,"Sistema Asia Fund, C31 Ventures, Qualgro.",Private Equity,67.06
673,,CureFit,Consumer Internet,End to End health and wellness platform.,Bangalore,"Accel Partners, IDG Ventures, Kalaari Capital,\\xc2\\xa0 UC-RNT fund",Private Equity,239.5
674,,Doxper,Technology,Healthtech IoT platform,Mumbai,"idal Health, growx ventures, Capier Investments, Globevestor & others",Seed Funding,7.185
676,,Treebo,Consumer Internet,Budget Hotel Aggregator platform,Bangalore,"Ward Ferry Management and Karst Peak Capital,",Private Equity,325.72
677,,MedGenome,Technology,Genomics Research and Diagnostics Solutions,Bangalore,"Sequoia India, Sofina s.a., Zodius Capital, Kris Gopalakrishnan, Lakshmi Narayanan,",Private Equity,287.4
678,2017-01-07,Billion Loans,Consumer Internet,Peer to Peer Lending platform,Bangalore,Reliance Corporate Advisory Services Ltd,Seed Funding,9.58
679,2017-03-07,Ecolibriumenergy,Technology,Energy management solutions provider,Ahmedabad,"Infuse Ventures, JLL",Private Equity,24.908
680,2017-04-07,Droom,eCommerce,Online marketplace for automobiles,Gurgaon,"Asset Management (Asia) Ltd, Digital Garage Inc",Private Equity,191.6
681,2017-05-07,Jumbotail,eCommerce,online marketplace for food and grocery,Bangalore,"Kalaari Capital, Nexus India Capital Advisors",Private Equity,81.43
682,2017-05-07,Moglix,eCommerce,B2B marketplace for Industrial products,Noida,"International Finance Corporation, Rocketship, Accel Partners, Jungle Ventures, Shailesh Rao, Venture Highway",Private Equity,114.96
683,2017-05-07,Timesaverz,Consumer Internet,Hyperlocal home services provider,Mumbai,BCCL,Private Equity,9.58
686,2017-07-07,Clip App,Consumer Internet,Digital Media Video platform,Bangalore,"India Quotient, Shunwei Capital",Seed Funding,9.58
688,2017-10-07,Autorox.co,Technology,Workshop Management Software Platform,Hyderabad,Mitsui & Co.,Private Equity,28.74
689,2017-11-07,Fabogo,Consumer Internet,Salon & Spa Aggregation & Discovery platform,Pune,Dunamis Ventures Pte Ltd,Private Equity,21.555
690,2017-11-07,Flickstree,Consumer Internet,Video Content Discovery Platform,Mumbai,"Venture Catalysts, Sourav Ganguly, Ankit Aditya, Moksh Sports Ventures",Seed Funding,4.44512
692,2017-12-07,Innoviti,Technology,Digital payments solutions,Bangalore,"SBI-FMO Fund, Bessemer Venture Partners, Catamaran Ventures",Private Equity,177.23
696,,QwikSpec,Technology,Construction site operations and analytics platform,Bangalore,"Brigade Innovations LLP, TV Mohandas Pai, Suhail Rahman, Bobby Reddy, M George Oommen",Seed Funding,5.1732
697,,Chumbak,eCommerce,Designer consumer products Marketplace,Bangalore,Blacksoil Capital Pvt. Ltd,Private Equity,16.286
698,,Increff,Technology,Sales Solutions for Fashion Brands,Bangalore,"Sequoia Capital, Grey Orange, Rajesh Ramaiah, Anshuman Das, Rishi Das",Seed Funding,19.16
699,,Vayana,Technology,Enterprise Banking Solutions,Pune,"IDG Ventures India Advisors, Jungle Ventures",Private Equity,38.32
704,,Rentomojo,Consumer Internet,Consumer Leasing Platform,Bangalore,"ain Capital Ventures, Renaud Laplanche",Private Equity,95.8
706,,Playablo,Technology,Gamified Learning App,Bangalore,ABI-Showatech (India) Ltd,Seed Funding,5.748
707,,Trupay,Technology,Online payments platform,Gurgaon,"Kae Capital, M&S Partners,",Seed Funding,6.706
708,,Brick2Wall,eCommerce,Online Marketplace for Construction Material,Gurgaon,"Subramani Somasundaram, Sundeep Sahni, Mayank Mittal & Others",Seed Funding,1.916
712,,Noticeboard,Consumer Internet,Mobile-first Enterprise communication platform,Bangalore,"Stellaris Venture Partners,",Private Equity,11.496
713,,Byju\\xe2\\x80\\x99s,Consumer Internet,Mobile Learning App,Bangalore,Tencent Holdings,Private Equity,335.3
715,,Fab Hotels,Consumer Internet,Budget hotels brand & Aggregator Platform,New Delhi,Goldman Sachs,Private Equity,239.5
716,,ThinkerBell,Consumer Internet,Assisted Learning Startup,Bangalore,"Indian Angel Network, Anand Mahindra",Seed Funding,1.916
717,,1mg,eCommerce,Online Pharmacy,Gurgaon,"HBM Healthcare Investments, Maverick Capital Ventures, Sequoia India, Omidyar Network and Kae Capital",Private Equity,143.7
719,,BigStylist,Consumer Internet,Beauty Services Marketplace,Mumbai,Info Edge (India) Ltd,Private Equity,11.975
722,2017-02-06,RentOnGo,eCommerce,"Online Marketplace for Renting Bikes, Electronics & Appliances",Bangalore,TVS Motor Company,Seed Funding,2.24172
723,2017-05-06,Goomo,Consumer Internet,Online Travel & Holiday Booking platform,Mumbai,Emerging India,Private Equity,479.0
725,2017-06-06,Spinny,eCommerce,Online Used Car marketplace,Gurgaon,"Blume Ventures, Indian Angel Network, Kunal Shah, Sandeep Tandon",Private Equity,9.58
728,2017-06-06,BHIVE Workspace,Consumer Internet,co-working spaces,Bangalore,Blume Ventures,Private Equity,11.496
729,2017-06-06,wayForward,Consumer Internet,Mobile app for Mental Health,New Delhi,"Harsh Mahajan, Farhan Naqvi, Sreepathy Viswanathan",Seed Funding,9.58
732,2017-07-06,ZipLoan,Consumer Internet,Online lending platform,New Delhi,WaterBridge Ventures,Seed Funding,6.227
733,2017-07-06,GrowFitter,Consumer Internet,health and fitness discovery platform,Mumbai,SQue Capital,Seed Funding,5.748
734,2017-08-06,Stratfit,Consumer Internet,Health coaching programs,Hyderabad,Bodhtree Consulting Limited,Seed Funding,2.22256
735,2017-08-06,Multiplier Solutions,Technology,CRM Software for Healthcare space,Hyderabad,Norwest Venture Partners,Private Equity,14.37
736,2017-08-06,ABI Health,Technology,Unified Digital Health Platform,Bangalore,Norwest Venture Partners,Private Equity,14.37
737,2017-08-06,Stockal,Consumer Internet,App-based Investment advisory Services,Bangalore,"Mohan Alexander, R. Natarajan, Vikrant Varshney, Amit Sinha",Seed Funding,3.353
738,2017-09-06,Guidoo,Consumer Internet,Travel & adventure planning platform,Mumbai,"Pawan Borle, Nirmal Singh, Manish Prasad, Vineet Varma, Nick Haulkoury, Abhai S. Rao",Seed Funding,2.874
739,2017-09-06,eSahai.in,Consumer Internet,ambulance aggregator and medical taxi provider,Hyderabad,"Dr Ramesh Ayyala, Satya Muthyala",Seed Funding,2.395
741,2017-12-06,LendingKart,Consumer Internet,Online Lending platform,Ahmedabad,Yes Bank,Debt Funding,74.724
742,2017-12-06,Boxx.ai,Technology,Artificial Intelligence,Bangalore,"Unicorn India Ventures, Venky Krishnakumar, Suresh Shankar, Vivek Bhargava",Private Equity,4.79
743,2017-12-06,PeeSafe.in,Healthcare,Hygiene care product manufacturer,New Delhi,"Venture Catalysts, Alfa Capital, Green Shots Capital, Real Time Ventures",Private Equity,9.58
744,2017-12-06,Vista Rooms,Consumer Internet,Online rooms aggregation platform,Mumbai,"Artha India Ventures, Singularity Holdings, Rajan Anandan, Girish Mathrubootham",Seed Funding,7.43408
745,2017-12-06,CoverFox,Consumer Internet,Online insurance brokerage platform,Mumbai,Transamerica,Private Equity,143.7
747,,Goodera,Technology,CSR and sustainability management platform,Bangalore,"Nexus Venture Partners, Omidyar Network",Private Equity,52.69
749,,Ola,Consumer Internet,Cab Aggregation App,Bangalore,Tekne Capital Management LLC,Private Equity,479.0
751,,MrNeeds,Consumer Internet,Micro Food Delivery platform,Noida,undisclosed investors,Seed Funding,4.79
752,,MoneyTap,Consumer Internet,Money Lending platform,Bangalore,"Sequoia India, NEA, Prime Venture Partners",Private Equity,117.834
753,,Goodbox,eCommerce,Mobile SAAS\\xc2\\xa0 ECommerce platform for SMEs,Bangalore,"Nexus Venture Partners, Mekin Maheshwari",Private Equity,9.58
754,,Fincash,Consumer Internet,Personal Finance platform,Mumbai,"Mohammed Khan, Sameer Narayan & Others",Seed Funding,0.958
755,,PortDesk,Technology,Maritime Solutions,Noida,Alphard Maritime Group,Seed Funding,19.16
759,,Unbxd,Technology,Cloud-based product discovery platform,Bangalore,Eight Roads Ventures,Private Equity,119.75
760,,DarwinBox,Technology,Enterprise human resources management platform,Hyderabad,"Lightspeed India Partners, Endiya Partners, 3one4 Capital Advisors LLP, Startupxseed Ventures LLP",Private Equity,38.32
761,,ForeverShop,Consumer Internet,Mobile based ecommerce platform,Bangalore,91maker.com,Seed Funding,2.874
762,,Insider.in,Consumer Internet,Events Ticketing platform,Mumbai,Paytm,Private Equity,49.816
763,,Fynd,eCommerce,Fashion etailer,Mumbai,"IIFL Seed Ventures, Kae Capital, FJ Labs, Singularity Ventures, GrowX, Tracxn Labs, Axis Capital",Private Equity,22.992
764,,Grow Fit,Consumer Internet,Health-Tech platform,Bangalore,"Manipal Education and Medical Group (MEMG), SAR Group, The Grover Trust",Private Equity,43.11
765,,Fabulyst,Technology,Artificial Intelligence based platform,Hyderabad,iBhubs,Seed Funding,2.0597
766,,mSwipe,Technology,Point-of-Sale services,Mumbai,"UC-RNT Fund, Matrix Partners, alcon Edge Capital, DSG Consumer Partners",Private Equity,296.98
768,,Julia Computing,Technology,Open Source Language for Data Science and Machine Learning,Bangalore,"General Catalyst, Founder Collective",Private Equity,44.068
769,,Kissht,Consumer Internet,Consumer Lending platform,Mumbai,"Endiya Partners, Ventureast",Private Equity,19.16
770,,Explore Life traveling,Consumer Internet,Local homes booking platform,Bangalore,"Mekin Maheshwari, Bharat Vijay, Krish Seshadri, Amar Arsikere",Seed Funding,4.79
771,,Loantap,Consumer Internet,Lending platform for salaried professionals,Mumbai,"Kae Capital, India Quotient, IFMR, and MAS Financial Services Ltd",Private Equity,38.32
772,,Voxweb,Consumer Internet,Mobile based social networking platform,Mumbai,Undisclosed investors,Seed Funding,9.58
773,,HUG Innovations,Technology,Gesture based\\xc2\\xa0 Smartwatch manufacturer,Hyderabad,"Mohit Srivastav, Kishore Ganji, Venkat Vallabhaneni, Rajeev Menon",Private Equity,47.9
774,,Flipkart,eCommerce,Online marketplace,Bangalore,Naspers,Private Equity,680.18
775,,V Resorts,Consumer Internet,Holiday & Vacation resort aggregator,Noida,"Seedfund, RB International",Private Equity,38.32
776,,Stashfin,Consumer Internet,Personal Finance App,New Delhi,"Snow Leopard Ventures, Alto Partners",Private Equity,47.9
778,,Spares Hub,eCommerce,Automobile parts marketplace,Pune,"The Chennai Angels, Anthill Scale Ventures, Esvee Technologies Inc, Inc95 Consulting",Seed Funding,2.97938
780,,Rubique,Consumer Internet,Online Marketplace for financial products,Mumbai,"Kalaari Capital, Udayan Goyal",Private Equity,28.74
781,,Niki.ai,Consumer Internet,AI Based Personal Assistant,Bangalore,"SAP.iO, Unilazer Ventures",Private Equity,19.16
782,,Fitpass,Consumer Internet,Online Fitness Marketplace,New Delhi,"Abhinav Bindra, Gaurav Marya",Private Equity,9.58
784,,Tagos Design,Technology,in-video discovery platform,Bangalore,Undisclosed Investors,Private Equity,47.9
785,,UrbanClap,Consumer Internet,Mobile Services Marketplace,Gurgaon,"Vy Capital, SAIF Partners, Accel Partner, Bessemer Venture Partners",Private Equity,201.18
786,2017-01-05,Ace2three,Consumer Internet,Online Rummy playing Website,Hyderabad,Clairvest Group,Private Equity,706.046
787,2017-01-05,Power2SME,eCommerce,Buying portal for SMEs,Gurgaon,International Finance Corporation,Private Equity,95.8
788,2017-02-05,Innovapptive,Technology,Enterprise Mobility Solutions,Hyderabad,Hyderabad Angels,Seed Funding,14.37
789,2017-02-05,4tigo,Logistics,Truck Network company,Bangalore,"Accel Partners, Nandan Nilekani,",Private Equity,95.8
791,2017-02-05,ZippServe,Consumer Internet,Real estate risk assessment platform,Bangalore,undisclosed investors,Seed Funding,3.7362
792,2017-03-05,Ola,Consumer Internet,Cab Aggregation App,Bangalore,"Falcon Edge Capital,\\xc2\\xa0 Capital Advisers",Private Equity,1001.11
793,2017-03-05,Sumeru,Technology,Software & Mobile development services,Bangalore,undisclosed investors,Seed Funding,9.58
799,2017-05-05,Balance App,Consumer Internet,Money Savings & Management App,Bangalore,Rainmatter,Seed Funding,2.23214
800,2017-08-05,YepMe,eCommerce,Private Label Fashion etailer,Gurgaon,"Rainbow Digital Services Pvt. Ltd, ILearnFinance Academy Pvt. Ltd.",Private Equity,6.706
803,2017-08-05,MyGreens,Food & Beverage,Cold-press Juices manufacturer,New Delhi,"Ajay Relan, LetsVenture",Seed Funding,9.58
804,2017-08-05,Ace Turtle,Technology,Omni-Channel Platform,Bangalore,"Vertex Ventures, C31 Ventures",Private Equity,47.9
805,2017-08-05,CureFit,Technology,Health-Tech Platform,Bangalore,"Trifecta Capital Advisors LLP, Prathithi Investment Trust, RNT Capital, Gokul Rajaram, Aditya Agarwal, Ruchi Sanghvi & others",Private Equity,30.656
806,2017-09-05,Curie Labs,Technology,Energy Analytics startup,New Delhi,Satoshi Studios,Seed Funding,0.479
811,2017-10-05,Vidooly,Consumer Internet,Video Intelligence platform,Noida,"Times Internet, GVFL",Private Equity,13.412
812,2017-10-05,Shopclues,eCommerce,Online marketplace,Gurgaon,InnoVen Capital,Private Equity,73.766
813,2017-10-05,Fourth Ambit,Consumer Internet,Community Building platform,Bangalore,1Crowd,Seed Funding,5.748
815,2017-11-05,Early Salary,Consumer Internet,Online lending platform,Pune,"DG Ventures India, Dewan Housing Finance Corp",Private Equity,38.32
818,2017-12-05,Legal Raasta,Consumer Internet,Legal Services to SMEs & Individuals,New Delhi,Impanix Capital,Private Equity,47.9
820,2017-12-05,Remit Guru,Consumer Internet,Digital money transfer platform,Mumbai,"Infibeam, CCavenue",Private Equity,4.46428
821,2017-12-05,Aequm,eCommerce,Cloud ECommerce platform,Bangalore,undisclosed investors,Seed Funding,9.58
822,,Zapty,Technology,Project Management tool,Bangalore,IdeaSpring Capital,Seed Funding,4.79
825,,Telr,Technology,Online Payment Gateway,Mumbai,Innovations East,Private Equity,28.74
826,,Fynd,eCommerce,Fashion ECommerce Portal,Mumbai,Rocketship,Private Equity,4.79
827,,Genie,Consumer Internet,hyperlocal delivery and logistics mobile app,Chennai,undisclosed investors,Seed Funding,2.395
828,,Paysense,Consumer Internet,Online Lending platform,Mumbai,Jungle Ventures,Private Equity,50.774
829,,The Good Life,ECommerce,Online Luxury Tea etailer,Mumbai,"Ayesha Takia Azmi, Abu Farhan Azmi",Seed Funding,9.58
831,,Paytm,ECommerce,Mobile Wallet & ECommerce platform,Bangalore,SoftBank Group,Private Equity,13412.0
832,,EzCred,Consumer Internet,Consumer Lending Platform,Bangalore,"Dheeraj Pandey, Rajesh Yohannan, Akash Garg",Seed Funding,9.58
835,,Delhivery,Logistics,ECommerce Logistics provider,New Delhi,Fosun International,Private Equity,287.4
836,,ZipGrid,Consumer Internet,"Cashless, paperless solutions for Housing societies",Mumbai,"JLL, 1Crowd",Seed Funding,4.79
838,,Magicpin,Consumer Internet,Hyperlocal discovery platform,Gurgaon,"Lightspeed Venture Partners, Vy Capital,",Private Equity,63.228
840,,Box8,Consumer Internet,Food Delivery Platform,Mumbai,Trifecta Capital,Private Equity,9.58
841,,GenNext Students,Consumer Internet,Online Tutoring Services,Mumbai,Undisclosed Investors,Seed Funding,5.5564
842,,Aye Finance,Finance,Non-Banking Financial Company,Gurgaon,Blue Orchard,Private Equity,76.64
847,,Collateral Medical,eCommerce,Online Medical equipment supplier,Mumbai,Carpediem Capital,Private Equity,33.53
850,,Supr Daily,Consumer Internet,Subscription based delivery platform,Mumbai,"Soma Capital, Great Oaks Ventures, 122 West Ventures",Private Equity,14.37
851,,Swiggy,Consumer Internet,Online food delivery platform,Bangalore,"Nasper, Accel India, SAIF Partners, Bessemer Venture Partners, Harmony Partners, Norwest Venture Partners",Private Equity,766.4
852,,SastaSundar,eCommerce,Online Pharmacy,Kolkata,Rohto Pharmaceutical,Private Equity,47.9
853,,Magicpin,Consumer Internet,Hyperlocal Discovery\\xc2\\xa0 & Rewards platform,Gurgaon,"Lightspeed India Partners, Waterbridge Ventures",Private Equity,67.06
854,2017-01-04,Cashe,Consumer Internet,Online & Mobile based Lending platform,Mumbai,"Mathew Cyriac, Florintree Advisors,",Private Equity,36.404
855,2017-03-04,Eruditus,Education,Executive Education Provider,Mumbai,Bertelsmann India,Private Equity,78.556
857,2017-03-04,Healthcare at Home,Healthcare,Home Healthcare Provider,Noida,Quadria Capital Advisors,Private Equity,383.2
860,2017-04-04,WayCool,Food & Beverage,Fresh-Produce Distribution Platform,Chennai,Aspada Investments,Private Equity,25.866
861,2017-04-04,Perfios,Technology,Fin-Tech Solutions,Bangalore,Bessemer Venture Partners,Private Equity,58.438
862,2017-04-04,Whatfix,Technology,Interactive Tech-Support Guides,Bangalore,"Stellaris Venture Partners, Helion Venture Partners, Powerhouse Ventures, Gokul Rajaram, Girish Mathrubootham, Aneesh Reddy, Vispi Daver",Private Equity,35.3502
863,2017-04-04,ElastiRun,Technology,App based Logistics & Distribution platform,Pune,"Kalaari Capital, Norwest Venture Partners",Private Equity,67.06
864,2017-04-04,Trukky,Consumer Internet,Online Truck Aggregator & Booking platform,Ahmedabad,"Keyur Joshi, Pavan Bakeri",Seed Funding,4.79
865,2017-04-04,Konsult App,Consumer Internet,App based Doctor Consulting platform,New Delhi,"Koen Bouwers, Lomesh Agarwal, Jeroen Mensen, Pablo van den Bosch & Others",Seed Funding,4.79
867,2017-05-04,Fingerlix,Consumer Internet,Food Delivery Platform,Mumbai,Zephyr Peacock India,Private Equity,28.74
869,2017-06-04,Medwell Ventures,Healthcare,Home-Based Healthcare provider,Bangalore,"Mahindra Partners, Eight Roads Ventures, F-Prime Capital Partners",Private Equity,201.18
870,2017-06-04,Mech Mocha,Consumer Internet,Mobile gaming startup,Bangalore,"Accel Partners, Shunwei Capital",Private Equity,47.9
874,2017-07-04,PharmEasy,eCommerce,Online Pharmacy,Mumbai,"Bessemer Venture Partners, Orios Venture Partners, Trifecta Capital,",Private Equity,172.44
876,2017-08-04,FastFox,Consumer Internet,Online rental discovery platform,Gurgaon,"Lightspeed India Partners, Blume Ventures, CyberAgent Ventures, GrowX Ventures, IMJ Investment Partners",Private Equity,44.068
877,2017-10-04,Omnify,Technology,SaaS platform for SMEs,Bangalore,"Rajan Anandan, L.D Sharma, Saurabh Arora",Seed Funding,1.437
878,2017-10-04,Capital Float,Consumer Internet,Online Lending Platform for SME,Bangalore,Mahindra and Mahindra Financial Services,Private Equity,22.034
879,2017-11-04,Ninjacart,eCommerce,B2B agri-marketing platform,Bangalore,"Accel Partners, Nandan Nilekani\\xe2\\x80\\x99s NRJN Trust, Mistletoe, Qualcomm Ventures, M&S Partners",Private Equity,52.69
880,2017-11-04,MergerWare,Technology,Software solutions for M&As,Bangalore,Philippe Bouchet,Seed Funding,0.958
882,2017-12-04,Clovia,eCommerce,Online lingerie & Sleepwear etailer,New Delhi,"Ivycap Ventures Advisors, Singularity Ventures and Ravi Dhariwal",Private Equity,38.32
883,2017-12-04,Emiza,Logistics,Third Party Logistics provider,Mumbai,"Mayfield, Nishant Rao, Dileep Nath",Private Equity,43.11
884,2017-12-04,HackerEarth,Consumer Internet,Online Skill Assessment Platform,Bangalore,"DHI Group Inc, Prime Venture Partners, Beenext, Beenos, Digital Garage, BizReach",Private Equity,43.11
885,2017-12-04,Squadrun,Technology,Software-As-a-Service Platform,Noida,"Blume Ventures, Contrarian Capital, 91springboard, Emergent Ventures, Abstract Ventures, Anthill Ventures, Axilor Ventures",Private Equity,20.118
889,,WeAreHolidays,Consumer Internet,Travel Packages & Planner marketplace,Gurgaon,"Urrshila Kerkar,",Private Equity,73.766
890,,Ola Cabs,Consumer Internet,Cab Aggregator App,Bangalore,SIMI Pacific Pte,Private Equity,2490.8
891,,Myly,Consumer Internet,Mobile App for Schools,Jaipur,mall Industries Development Bank of India (SIDBI),Seed Funding,2.9698
892,,CrediHealth,Consumer Internet,Online Medical Assistance platform,Gurgaon,"Tolaram Inc, Mountain Pine Capital",Private Equity,14.37
895,,Snackible,Food & Beverages,Healthy Snacks manufacturer,Mumbai,"Nibhrant Shah, Anandbir Singh, Anirudh Sheth, Pratik Singhi, Vikram Mehta, Murali Nair",Seed Funding,1.6765
896,,Be U Salons,Consumer Internet,Online Salon discovery & Booking Services,New Delhi,"Gaurav Kachru, Sundeep Singh Sahni, Jatin Aneja, Arun Malhotra",Seed Funding,5.9396
898,,LendingKart,Consumer Internet,Lending platform for small businesses,Ahmedabad,Anicut Capital,Private Equity,44.547
899,,Innefu Security Consulting,Technology,Cyber Security solutions using AI,New Delhi,IndiaNivesh Venture Capital Fund,Private Equity,19.16
900,,Whodat,Technology,Markerless AR platform,Bangalore,Ideaspring Capital,Private Equity,5.748
901,,Absentia VR,Technology,Virtual Reality Startup,Bangalore,Exfinity Venture Partners,Private Equity,11.975
902,,IOTrek,Technology,IoT Platform for Bus,New Delhi,Undisclosed Investor,Seed Funding,1.4849
903,,HolaChef,Consumer Internet,Online Food Delivery,Mumbai,"SIDBI Venture Capital Ltd, Kalaari Capital",Private Equity,28.74
905,,Video Ken,Consumer Internet,Video Based Collaborative Learning,Bangalore,"Ravi Garikipati, Surot Chatterjee, Ashish Agrawal, LG Chandrasekhar, Sashi Reddi",Seed Funding,9.58
906,,Faasos,Food & Beverage,QSR chain and online food delivery,Pune,"Ligthbox Ventures II, Lightbox Expansion Fund, Sequoia Capital India, RuNet South Asia, RB Investments",Private Equity,60.354
907,,Oyo Rooms,Consumer Internet,Branded Budget Hotels Aggregator,Gurgaon,"SoftBank Vision Fund, Lightspeed Venture Partners, Sequoia Capital India Advisors, Greenoaks Capital Partners",Private Equity,2395.0
908,,Toppr,Consumer Internet,Learning mobile app for students,Mumbai,WGG International,Private Equity,30.656
910,,The Office Pass,Consumer Internet,CoWorking Spaces booking platform,Gurgaon,"Arun Tadanki, Aditya Verma",Seed Funding,2.3471
911,,UrbanClap,Consumer Internet,Mobile Services Marketplace,Gurgaon,Trifecta Capital,Private Equity,29.698
912,,Awfis,Consumer Internet,Collaborative co-Working Spaces,Mumbai,Sequoia India,Private Equity,191.6
914,,Flytxt,Technology,Customer data analytics software,Mumbai,DAH Beteiligungs GmbH,Private Equity,105.38
915,,Howdy Ventures,Consumer Internet,Public and Private Events creation app,Chennai,S. Xavier Britto,Seed Funding,14.37
916,,StalkBuyLove,eCommerce,Online fashion marketplace,New Delhi,Trifecta Capital,Private Equity,9.58
918,,Scootsy,Consumer Internet,On-Demand Food Delivery,Mumbai,"Agnus Capital, Khattar Holdings",Private Equity,34.488
921,,iNurture,Consumer Internet,Online Educational courses,Bangalore,BlackSoil Capital Pvt. Ltd,Private Equity,14.37
922,,Sepalika,Consumer Internet,Healthcare related content platform,New Delhi,Accel Partners,Seed Funding,7.185
925,2017-01-03,Ola,Consumer Internet,App based cab aggregator,Bangalore,SoftBank Group Corp,Private Equity,3161.4
926,2017-01-03,Belong,Consumer Internet,Online Jon Portal,Bangalore,Sequoia Capital India,Private Equity,95.8
929,2017-02-03,Celes Care,Consumer Internet,Women Healthcare & Information portal,Hyderabad,"Ventureast, Endiya Partners, Eight Roads Ventures, F-Prime Capital Partners",Private Equity,14.37
930,2017-02-03,Karomi,Technology,Packaging Artwork Management software,Chennai,Ideaspring Capital,Seed Funding,4.79
931,2017-02-03,Red Carpet,Consumer Internet,Micro Lending platform,Gurgaon,Lightspeed Venture Partners,Private Equity,23.95
933,2017-02-03,CreditMantri,Consumer Internet,Online Credit score & lending platform,Chennai,Quona Capital,Private Equity,72.808
935,2017-03-03,Tydy,Technology,Employee Onboarding and Engagement platform,Bangalore,"Bhupen Shah, Jayesh Parekh, Sanjay Sathe",Seed Funding,2.6345
937,2017-03-03,Oho Shop,Technology,eCommerce Mobile App Builder,Ahmedabad,"Bennett, Coleman and Company Ltd",Private Equity,64.186
939,2017-03-03,Paytm Marketplace,ECommerce,ECommerce Marketplace,Bangalore,Alibaba,Private Equity,1916.0
940,2017-04-03,iGenetics,Healthcare,Health Diagnostic Solutions,Mumbai,CDC Group Plc,Private Equity,186.81
941,2017-06-03,Juno Clinic,Consumer Internet,Online Counseling Platform,Mumbai,Atul Nishar,Seed Funding,11.496
942,2017-06-03,Summerlabel,Consumer Internet,Fashion and Lifestyle discovery platform,Gurgaon,"Aneesh Seth, Tushar Mittal",Seed Funding,1.437
943,2017-06-03,PickMe,Consumer Internet,Gadget Insurance & Repair Services platform,Mumbai,SIDBI Venture Capital Fund,Private Equity,17.1482
944,2017-07-03,Agrostar,Technology,Direct-to-Farmer Mobile-Based Retail platform,Pune,Accel Partners,Private Equity,95.8
945,2017-07-03,Zapr,Technology,"DSP, TV Analytics & Cross-Platform advertising",Bangalore,Star India Pvt Ltd,Private Equity,95.8
946,2017-07-03,Data Resolve,Technology,Cyber Security Solutions,Noida,IDFC Parampara Early Stage Opportunities Fund,Private Equity,9.58
947,2017-07-03,Book Servicing,Consumer Internet,Online Vehicle Services Booking platform,New Delhi,National Science and Technology Entrepreneurship Development Board,Seed Funding,0.2874
948,2017-07-03,Blowhorn,Consumer Internet,Intra-City Logistics provider,Bangalore,"IDG Ventures India, Michael & Susan Dell Foundation, Draper Associates, Unitus Seed Fund",Private Equity,34.967
949,2017-08-03,Rivigo,Logistics,Technology Enabled Logistics Company,Gurgaon,Private Sector Banks (Debt Funding),Private Equity,143.7
950,2017-08-03,PipeCandy,Technology,Intelligent Sales Prospecting Platform,Chennai,"IDG ventures, Axilor Ventures, Emergent Ventures, Indian Angel Network",Seed Funding,10.538
951,2017-08-03,Supr Daily,Consumer Internet,Subscription based Home Delivery Platform,Mumbai,Y Combinator,Seed Funding,1.1496
953,2017-09-03,AppBrowzer,Consumer Internet,Instant Mobile Apps Store,Bangalore,Deepak Gurnani,Seed Funding,4.79
954,2017-09-03,MagicBricks,Consumer Internet,Online Real Estate Portal,Mumbai,Times Internet Ltd,Private Equity,43.11
955,2017-10-03,PeeBuddy,Healthcare,Female Hygiene product manufacturer,New Delhi,Indian Angel Network,Seed Funding,4.24394
957,2017-10-03,Lavelle Networks,Technology,SDN Solutions,Bangalore,Ideaspring Capital,Seed Funding,5.748
960,,LatestOne,eCommerce,Tech Accessories e-tailer,Hyderabad,"Florintree, Mathew Cyriac, Chidambaram Palaniappan, Bharat Sheth",Private Equity,32.093
961,,Frapperz,Consumer Internet,On-demand home services provider,Kolkata,Undisclosed Investor,Seed Funding,0.958
962,,mPaani,Consumer Internet,Loyalty rewards app,Mumbai,"IDG Ventures, Blume Ventures, Saha Fund,",Private Equity,12.933
964,,POPxo,Consumer Internet,Digital Media publication for women,New Delhi,"GREE Ventures, Kalaari Capital and IDG Ventures India, Summit Media, Atul Goel, and Gurpreet Singh",Private Equity,29.698
965,,Fitso,Consumer Internet,Fitness Mobile App,Gurgaon,"Sujeet Kumar, Bhupender Singh, Yashish Dhaiya",Seed Funding,1.916
967,,Flipkart,eCommerce,ECommerce Marketplace,Bangalore,"Microsoft, eBay, Tencent Holdings",Private Equity,13412.0
968,,Airpay,Technology,Online payment Gateway,Mumbai,"Kalaari Capital, Rakesh and Rajesh Jhunjhunwala",Private Equity,35.1586
969,,MyGlamm,Consumer Internet,On-Demand Beauty Services,Mumbai,L\\xe2\\x80\\x99Occitane,Private Equity,50.774
971,,Haqdarshak,Consumer Internet,Tech-Enabled Social Enterprise,Bangalore,"Ravi Saxena, Sandeep Raju,",Seed Funding,1.82978
972,,Ixigo,Consumer Internet,Online Travel Search Engine,Gurgaon,"Sequoia Capital, Kinzon Capital",Private Equity,143.7
973,,Markets and Markets,Technology,Marketing Research Company,Pune,"FTV Capital, Zodius Capital",Private Equity,536.48
974,,Bizom,Technology,supply chain automation platform,Bangalore,Ojas Ventures,Seed Funding,3.65956
976,,Delhivery,Technology,Tech enabled Fulfilment & Logistics Solutions,New Delhi,"Carlyle Group, Tiger Global",Private Equity,958.0
978,,Fynd,ECommerce,Online fashion marketplace,Mumbai,Venture Catalysts,Private Equity,4.79
980,,DoneThing,Consumer Internet,On-demand Personal Assistant service,Gurgaon,Brand Capital,Private Equity,2.874
982,,Ithaka,Consumer Internet,Vacation Trip Planning platform,Mumbai,"Ankit Gupta, Puneet Motihar",Seed Funding,3.1135
983,,perpule,eCommerce,Self-Checkout ECommerce App,Bangalore,KStart Capital,Seed Funding,6.227
985,,Licious,ECommerce,Online Meat Ordering platform,Bangalore,"Mayfield India, 3one4 Capital, Sistema Asia Fund, Neoplux Technology Fund",Private Equity,95.8
986,,Medinfi,Consumer Internet,Doctor & Hospital search Platform,Bangalore,"Vinod Martin, Hemant Kaul, Prof. Ram Kumar Kakani & Others",Seed Funding,0.479
990,,Jhakaas,Consumer Internet,Offline Business Aggregator App,Mumbai,"Malini Patel, Stelcore Management Services, Anjani Prasad",Seed Funding,1.4849
991,,Oriano Solar,Technology,Turnkey Solar Solutions,Mumbai,Samridhi Fund,Private Equity,28.74
992,,BigBasket,ECommerce,Online Grocer,Bangalore,Trifecta Capital,Private Equity,67.06
995,,Icertis,Technology,ERP solutions provider,Pune,"B Capital Group, Ignition Partners, Greycroft, e.ventures,\\xc2\\xa0 Eight Roads Ventures",Private Equity,239.5
998,2017-06-02,Capital Float,Consumer Internet,Online lending platform,Bangalore,IFMR Capital Finance,Private Equity,23.95
1000,2017-07-02,Inner Hour,Consumer Internet,Online Counselling Platform,Mumbai,"Batlivala & Karani Securities, Venture Works",Seed Funding,4.311
1001,2017-07-02,Travel Triangle,Consumer Internet,Online travel agent marketplace,Noida,"RB Investments, SAIF Partners, Bessemer Venture Partners",Private Equity,95.8
1002,2017-08-02,Wandertrails,Consumer Internet,"Online Travel, Adventure & Activities Portal",Bangalore,Earlsfield Capital,Seed Funding,9.58
1003,2017-08-02,Zenatix,Technology,IoT Based Energy Monitoring & Control,Gurgaon,"pi Ventures, Blume Ventures",Private Equity,11.496
1004,2017-08-02,Cartrade,Consumer Internet,Automobile Classifieds Portal,Mumbai,Temasek Holdings,Private Equity,526.9
1006,2017-08-02,Edurev,Consumer Internet,Online Education Portal,Gurgaon,Facebook FB Start programme,Seed Funding,0.3832
1007,2017-09-02,Voonik,ECommerce,Women Apparel & Lifestyle etailer,Bangalore,"RB Investments, Sequoia Capital",Private Equity,57.48
1009,2017-09-02,Wooplr,ECommerce,Women Fashion Portal,Bangalore,"Sistema Asia Fund, Amereus Group, Helion Ventures",Private Equity,76.64
1010,2017-10-02,48East,ECommerce,Online Food Delivery Platform,Bangalore,Al Dhaheri family,Private Equity,4.79
1012,,Sigtuple,Technology,Medical Automation platform,Bangalore,"Accel Partners, IDG Ventures, Endiya Partners, pi Ventures, VH Capital, Axilor Partners",Private Equity,55.564
1013,,Flutura,Technology,Decision Sciences Analytics Solutions,Bangalore,"Vertex Ventures, Lumis Partners",Private Equity,71.85
1014,,Wassup,Consumer Internet,On Demand Laundry & Dry Cleaning Services,Chennai,Anil Jain & other HNIs,Private Equity,30.656
1015,,Better Mortgage,Consumer Internet,Mortgage Offering Platform,Gurgaon,"Kleiner Perkins, Goldman Sachs, Pine Brook",Private Equity,143.7
1016,,Nurturey,Consumer Internet,Parenting Mobile App,New Delhi,Mohit Joshi & Others,Seed Funding,3.1614
1017,,Fyle,Technology,Expense Management Solution,Bangalore,Pravega Ventures,Seed Funding,3.832
1018,,GoBumpr,Consumer Internet,Online Bike & Car Services provider,Chennai,"Mahalingam K, Girish Mathrubootham",Seed Funding,2.874
1019,,CCAvenue,Consumer Internet,Online Payment Gateway,Mumbai,Infibeam,Private Equity,214.592
1022,,ZestMoney,Consumer Internet,Online Consumer Lending platform,Bangalore,"PayU, Ribbit Capital, Omidyar Network",Private Equity,62.27
1023,,AirZaar,Technology,Drone operations management platform,Missourie,Quake Capital,Seed Funding,3.353
1024,,Truebil,Consumer Internet,Online Marketplace for Used Cars,Mumbai,Shunwei Capital,Private Equity,28.74
1025,,YourStory,Consumer Internet,Online Media,Bangalore,"Kalaari Capital Partners, Qualcomm, 3ONE4 Capital Advisors, UC-RNT",Private Equity,28.74
1026,,Imaginate,Technology,AR & VR platform,Hyderabad,SRI Capital,Seed Funding,4.79
1027,,The Ken,Consumer Internet,Online Media Platform,Bangalore,"Aprameya Radhakrishna, Deepak Natraj, Girish Mathrubootham, Mahesh Murthy, Pallav Nadhani, Pavan Ongole, Sandeep Mathur, Vijay Shekhar Sharma & Others",Seed Funding,3.832
1028,,Urban Ladder,ECommerce,Online Furniture Store,Bangalore,"Kalaari Capital, SAIF Partners, Steadview Capital, Sequoia Capital",Private Equity,145.616
1031,,Leopetra,eCommerce,Solution provider for pet needs,Mumbai,Facebook FBStart,Seed Funding,0.3832
1032,,Blood n Care,Consumer Internet,First Aid care app,Gurgaon,Facebook FBStart,Seed Funding,0.3832
1033,,Flipkart,eCommerce,Online Marketplace,Bangalore,"Bennett, Coleman and Co. Ltd (BCCL)",Private Equity,370.746
1034,,True Balance,Consumer Internet,Mobile balance Checking App,Gurgaon,"Softbank Ventures Korea, IMM Investment",Private Equity,143.7
1035,,Vebbler,Consumer Internet,Photo Sharing for Groups,Bangalore,Facebook FBStart,Seed Funding,0.3832
1036,,Get My Parking,Consumer Internet,Smart Parking Platform,New Delhi,"Indian Angel Network (IAN), BEENEXT, The Chennai Angels, Sunil Munjal",Private Equity,10.538
1040,,Biryani By Kilo,Consumer Internet,Online Food Ordering & Delivery Portal,Gurgaon,"Chandigarh Angels, Ashish Gupta, Rohit, Ashish Chand, Sunil Singh & Others",Seed Funding,3.5925
1041,,Johari Shop,ECommerce,Online Jewellery etailer,Bangalore,Undisclosed Investors,Seed Funding,0.90052
1042,,NeoStencil,Consumer Internet,Live Online Coaching Classes,New Delhi,"Brand Capital, Paragon Trust",Private Equity,9.58
1043,,Blackbuck,Logistics,Online freight aggregator,Bangalore,"Sands Capital, IFC, Accel Partners, Flipkart, Sanjiv Rangrass",Private Equity,670.6
1044,2017-02-01,TaxSutra,Consumer Internet,Online Tax Filing platform,Pune,"TV Mohandas Pai, V Balakrishnan, PV Srinivasan",Seed Funding,3.50628
1045,2017-03-01,TempoGo,Technology,IoT & SAAS Solutions for Transportation Industry,Panaji,K2 Capital,Seed Funding,7.9035
1051,2017-06-01,Leap India,Logistics,Supply Chain Solutions Provider,Mumbai,"India Nivesh Growth Fund, Sixth Sense, TCI Ventures",Private Equity,124.54
1052,2017-07-01,FreeCharge,Consumer Internet,Mobile Wallet,Mumbai,Jasper Infotech Pvt Ltd,Private Equity,546.06
1053,2017-09-01,TicketNew,Consumer Internet,Movie Ticket Booking platform,Chennai,Alibaba Pictures,Private Equity,335.3
1054,2017-10-01,Intelligence Node,Technology,SAAS Based Retail Analytics Solutions,Mumbai,BlackSoil Capital Pvt Ltd,Private Equity,7.664
1055,2017-10-01,Securens,Technology,e-surveillance services provider,Mumbai,"Mayfield India, Trifecta Capital",Private Equity,47.9
1056,2017-10-01,Loan Frame,Consumer Internet,Small Business Loans Marketplace platform,Gurgaon,"Vedanta Capital, William Campbell, Toos N Daruvala",Private Equity,21.555
1058,2017-10-01,Medinfi,Consumer Internet,Doctor & Clinic Discovery portal,Bangalore,"Vinod Martin, Evan Lim, Kanchan Ghoshal, Ram Kumar Kakani",Seed Funding,0.958
1059,2017-10-01,LensKart,eCommerce,Online eyewear retailer,Bangalore,Ronnie Screwvala,Private Equity,33.53
1061,2017-12-01,Hansel.io,Consumer Internet,Real-time Mobile App Management Platform,Bangalore,"IDG Ventures, Endiya Partners",Private Equity,12.933
1062,2017-12-01,Square Yards,Consumer Internet,Property Search Aggregator platform,Gurgaon,"Lohia Group, Andre Hoffman",Private Equity,95.8
1063,,Roambee,Technology,IoT smart Logistics and Asset Management Company,Mumbai,Deutsche Telekom Strategic Investments & Others,Private Equity,39.278
1065,,iService,Consumer Internet,Gadgets Repair & Service Booking platform,Bangalore,"Blume Ventures, Girish Mathrubootham, Aprameya Radhakrishna",Seed Funding,4.2152
1066,,Unacademy,Consumer Internet,Online learning platform,Bangalore,"Nexus Venture Partners, Blume Ventures",Private Equity,43.11
1069,,ZoloStays,Consumer Internet,Branded PG Accomodation booking platform,Bangalore,"Nexus Venture Partners, Innoven Capital",Private Equity,47.9
1071,,HipCouch,Consumer Internet,Custom & Modular Furniture platform,Mumbai,Undisclosed Investors,Seed Funding,6.706
1072,,Curiositi,Consumer Internet,Online Learning Platform,Bangalore,"Menterra Social Impact Fund, Unitus Seed Fund",Private Equity,7.664
1073,,TinyStep,Consumer Internet,Parenting Info & Social Network,Bangalore,Flipkart,Private Equity,19.16
1074,,Practo,Consumer Internet,Online Healthcare platform,Bangalore,"Tencent,\\xc2\\xa0 ru-Net, RSI Fund, Thrive Capital",Private Equity,526.9
1075,,Ketchupp,Consumer Internet,Food Discovery Platform,New Delhi,India Quotient and others,Seed Funding,4.22478
1076,,Hoopy,Consumer Internet,Online Car Service Platform,Gwalior,undisclosed investors,Seed Funding,4.79
1077,,Ezytruk,Consumer Internet,Logistics and truck aggregator platform,Bangalore,"Ajith Nair, Anish K",Seed Funding,1.40826
1080,,Vahdam Teas,eCommerce,Online Tea etailer,New Delhi,"Mumbai Angels Network, Fireside Ventures, Singapore Angel Network",Seed Funding,6.227
1081,,Qwikspec,Technology,Cloud-based construction,Bangalore,Undisclosed Investors,Seed Funding,2.874
1083,,Weddingz.in,Consumer Internet,Online Marketplace for Wedding Venues and vendors,Mumbai,Singularity Ventures,Private Equity,9.58
1090,,MessaGif,Consumer Internet,social messaging platform,New Delhi,Undisclosed investor,Seed Funding,0.479
1093,,CueMath,Technology,Maths Learning program,New Delhi,"CapitalG, Sequoia India",Private Equity,143.7
1096,,Khel Now,Consumer Internet,Mobile-based Social Platform for Sports,Bangalore,Indochine International,Private Equity,4.79
1097,,NowFloats,Consumer Internet,Platform to take businesses online,Hyderabad,"Iron Pillar and IIFL, Blume Ventures, Omidyar Network",Private Equity,95.8
1098,,Lets Transport,Consumer Internet,Online transport vehicle booking platform,Bangalore,"GMO Japan, Neelesh Bhatnagar",Private Equity,38.32
1101,,RML Agtech,Technology,Agri Decision Support Solution for farmers,Pune,IvyCap Ventures,Private Equity,38.32
1103,,InstaSafe,Technology,Security-as-a-Service solution provider,Bangalore,ABM Knowledgeware,Private Equity,21.076
1104,,Infibeam,eCommerce,eCommerce Marketplace,Ahmedabad,"Bennett, Coleman and Company Ltd",Private Equity,84.304
1106,,AirMed Labs,Consumer Internet,Health Tests Booking platform & ePharmacy,Ahmedabad,Brand Capital,Private Equity,13.412
1107,,99PerHour,Consumer Internet,Hyper-local Handyman Service provider,Chennai,V Aanand R,Seed Funding,2.874
1109,,Intuit Things,Technology,IoT solutions for home automation applications,Mumbai,Sanjay Mehta & Others ( The Ten Minute Million),Seed Funding,1.01548
1110,,Cloudrino,Technology,Cloud based Virtual Servers,New Delhi,The Ten Minute Million,Seed Funding,0.21555
1111,,FabX,eCommerce,Used Furniture Marketplace,Mumbai,The Ten Minute Million,Seed Funding,0.65144
1112,,Maptags,Consumer Internet,Smart Online address tags,Bangalore,The Ten Minute Million,Seed Funding,0.17244
1114,,Heads Up For Tails,eCommerce,Online Pet Products Store,New Delhi,Undisclosed Investors,Private Equity,19.16
1116,2016-01-12,SidQam,Technology,Healthcare Software System,Noida,"SQue Capital, Grace Capital Ventures, Soham Vencaps",Private Equity,11.496
1117,2016-01-12,India Lends,Consumer Internet,Online Instant personal Loan provider,New Delhi,"DSG Consumer Partners, American Express Ventures, Cyber Carrier VC, AdvantEdge Partners",Private Equity,38.32
1118,2016-01-12,Slide App,Consumer Internet,Lock screen Rewards mobile app,New Delhi,Songhyun Investment,Private Equity,34.488
1119,2016-02-12,Badiyajobs,Consumer Internet,Entry-Level job Seekers platform,New Delhi,Undisclosed,Seed Funding,0.958
1121,2016-02-12,TYGR,Technology,Transport and logistics mobile App,Mumbai,Franchise India,Private Equity,28.74
1123,2016-05-12,UrDoorStep,eCommerce,Online Grocery Store,Bangalore,Lakshmi Vilas Bank & undisclosed HNIs,Private Equity,13.412
1125,2016-06-12,Diro Labs,Consumer Internet,Mobile Contacts Management app,New Delhi,Info Edge (India),Seed Funding,1.40826
1131,2016-07-12,Revv,Consumer Internet,Self-Driven Car Services booking portal,New Delhi,Edelweiss Private Equity,Private Equity,86.22
1132,2016-07-12,WealthApp,Consumer Internet,Online Investment Advisory platform,Bangalore,"Venk Krishnan, MJ Aravind, Vikram Kotak, Jayant Davar,\\xc2\\xa0 Ramkumar Nishtal, Arjun Sharmaa",Seed Funding,4.2152
1134,2016-08-12,Zest Money,Consumer Internet,Online Consumer Lending platform,Mumbai,PayU,Private Equity,62.27
1135,2016-08-12,GoMechanic,Consumer Internet,Online Car servicing Booking platform,Gurgaon,Venture Catalysts,Seed Funding,2.395
1136,2016-09-12,Stalk Buy Love,eCommerce,Fashion Apparel eTailer,New Delhi,Kalaari Capital,Private Equity,57.48
1138,2016-09-12,Wittyparot,Technology,Content Management & Productivity platform,Bangalore,Mumbai Angels,Seed Funding,4.311
1139,2016-09-12,NeuroEquilibrium,Technology,Health-Tech platform,Jaipur,Unicorn India Ventures,Seed Funding,2.395
1140,2016-12-12,Xseed Education,Technology,Education & learning Tech platform,Bangalore,Verlinvest SA,Private Equity,95.8
1141,2016-12-12,Rupaiya Exchange,Consumer Internet,P2P Lending platform,New Delhi,Undisclosed Investors,Seed Funding,1.916
1142,2016-12-12,Doctor Insta,Consumer Internet,Online Doctor Consulting platform,Gurgaon,RoundGlass Partners,Private Equity,19.16
1144,2016-12-12,Fresh Food Concepts,Food & Beverage,Cold Press Juice manufacturer & seller,New Delhi,"Siddhartha Gupta, Ashvin Chadha",Seed Funding,19.16
1145,,Indifi,Consumer Internet,Online lending platform,Gurgaon,Omidyar Network,Private Equity,95.8
1147,,OfBusiness,eCommerce,Online business-to-business (B2B) marketplace,Gurgaon,"Zodius Technology Opportunities Fund, Matrix Partners",Private Equity,106.338
1149,,Qacco,Consumer Internet,Hotel Booking platform,Gurgaon,"Lead Angels Network, Anbu Pandian, Prabhakar MR & Others",Seed Funding,1.437
1150,,Fitpass,Consumer Internet,Fitness center aggregator & Booking mobile app,New Delhi,Mumbai Angels,Seed Funding,9.58
1153,,Trading Bells,Consumer Internet,Online Share & Commodity Broking platform,Indore,Swastika Investmart Ltd,Seed Funding,2.84526
1154,,SERV\\xe2\\x80\\x99D,Consumer Internet,Financial Services For Unorganized Workforce,Pune,Digital Financial Service Lab,Seed Funding,0.958
1155,,IdeaForge,Technology,Drone Manufacturing,Mumbai,"WRV Capital and IndusAge Partners, Infosys Innovation Fund",Private Equity,95.8
1156,,Amagi Media Labs,Technology,Media Technology Solutions,Mumbai,"Emerald Media, Premji Invest",Private Equity,335.3
1157,,Pocket Aces,Technology,Digital Entertainment Company,Mumbai,"Sequoia Capital India, North Base Media, Aarin Capital, 3one4 Capital, Axilor Ventures, Kunal Shah, Sandeep Tandon",Private Equity,28.74
1158,,Pi Data Centers,Technology,Cloud Data Center Solutions provider,Hyderabad,Epsilon Venture Partners,Private Equity,220.34
1159,,TripShelf,Consumer Internet,Holiday Packages provider,New Delhi,"GEMS Advisory, Quarizon",Seed Funding,1.17834
1161,,NoBroker,Consumer Internet,Rental property search portal,Bangalore,"KTB Network, SAIF Partners, BEENEXT, Digital Garage",Private Equity,70.892
1162,,VivoCarat,eCommerce,Online jewellery marketplace,Mumbai,Undisclosed Investors,Seed Funding,0.479
1165,,BYJU\\xe2\\x80\\x99s,Consumer Internet,Online Learning platform,Bangalore,International Financial Corporation,Private Equity,143.7
1167,,The BlueBook,Consumer Internet,online to offline marketing platform,Bangalore,"Indian Angel Network, Let\\xe2\\x80\\x99s Venture",Seed Funding,4.79
1169,,Vegetall,eCommerce,Online Vegetable eTailer,Chennai,The Chennai Angels,Seed Funding,1.55196
1171,,Mindler,Consumer Internet,Career Planning & Assessment platform,New Delhi,Taxmann,Seed Funding,3.10392
1172,,MCaffeine,eCommerce,Personal care product etailer,Bangalore,"Kaushal Agarwal, Harminder Sahani, KK Mehra, Pranay Jivrajka, Navjot Saini",Seed Funding,2.874
1173,,enKast,Technology,Cloud based CRM for Agencies,Bangalore,Ivy League Alumni Angel Network,Private Equity,19.16
1180,,Dekkho,Consumer Internet,Video Streaming platform,Mumbai,undisclosed investors,Seed Funding,11.496
1181,,Shadowfox,Logistics,On-Demand Delivery Service,Gurgaon,Eight Roads Ventures,Private Equity,95.8
1182,,ShopX,eCommerce,SAAS ECommerce Retail app,Bangalore,Nandan Nilekani,Private Equity,47.9
1184,,Healthifyme,Consumer Internet,Fitness Mobile App,Bangalore,NB Ventures,Private Equity,9.58
1188,2016-01-11,PickMyLaundry,Consumer Internet,On-Demand Washing & Dry Cleaning Services,New Delhi,"Kedar Lele, GHV Accelerator",Seed Funding,1.916
1189,2016-02-11,FreshDesk,Consumer Internet,SAAS Based HelpDesk Services,Chennai,"Sequoia Capital India, Accel Partners",Private Equity,526.9
1190,2016-02-11,LaundryAnna,Consumer Internet,On-Demand Washing & Dry Cleaning Services,Bangalore,Undisclosed Investors,Seed Funding,1.437
1193,2016-03-11,Zarget,Technology,SaaS-based web optimisation and marketing platform,Chennai,Sequoia India,Private Equity,57.48
1195,2016-03-11,EasyPolicy,Consumer Internet,Online insurance Portal,Noida,"Unilazer Ventures,",Private Equity,95.8
1197,2016-04-11,Connect India,Logistics,Last mile Delivery Network,Bangalore,Aavishkaar Venture Management,Private Equity,9.58
1198,2016-04-11,Corseco,Technology,AI-based Software as a Service Solution provider,New Delhi,"Ameera Shah, Vivek Bhargava",Seed Funding,1.437
1201,2016-05-11,Medzin,eCommerce,Online ordering & Delivery of medicines,New Delhi,A M Sikander,Seed Funding,0.4311
1202,2016-05-11,Bizongo,eCommerce,Packaging Material Marketplace,Mumbai,"IDG Ventures, Accel Partners",Private Equity,28.74
1203,2016-07-11,Rivigo,Technology,Technology based Logistics platform,Gurgaon,Warburg Pincus,Private Equity,718.5
1204,2016-07-11,JustRide,Consumer Internet,Online Car Sharing platform,Mumbai,"Justin Kan, Qasar Younis, Paul Bucche, Susa Ventures, Kima Ventures, Axan Venture, SCM Holdings",Private Equity,28.74
1205,2016-09-11,IIM Jobs,Consumer Internet,Online Job Portal,New Delhi,India Quotient,Private Equity,19.16
1206,2016-09-11,Square Yards,Consumer Internet,Online Property Search Portal,Gurgaon,ADAG Reliance Private Equity,Private Equity,114.96
1207,2016-10-11,GolfLAN,Consumer Internet,Golf Session Online Bookings platform,New Delhi,"YourNest Angel Fund, iSON",Private Equity,9.58
1211,,Active.ai,Technology,Banking & Fintech Platform,Singapore,"Kalaari Capital, IDG Ventures India",Private Equity,28.74
1212,,ElasticRun,Technology,Tech driven Logistic & distribution platform,Pune,"Kalaari Capital, Norwest Venture Partners",Private Equity,19.16
1214,,Zefo,eCommerce,Used Furniture & Appliances Marketplace,Bangalore,"Sequoia India, BEENEXT, Helion Ventures",Private Equity,57.48
1215,,PlaySimple,Technology,Mobile Gaming portal,Bangalore,"SAIF Partners, IDG Ventures India",Private Equity,38.32
1216,,Stasis Labs,Technology,Cloud based\\xc2\\xa0 health monitoring platform,Bangalore,"RTP-HC, Wonder Ventures, Techstars Ventures & Others",Private Equity,47.9
1218,,Koovs,eCommerce,Fashion eTailer,New Delhi,Times of India Group & Existing investors,Private Equity,129.33
1221,,Pictor Imaging,Consumer Internet,Product Photography Mobile App,Mumbai,Quarizon,Seed Funding,1.40826
1222,,GramCover,Finance,Insurance Marketplace for the Rural Sector,New Delhi,Omnivore Capital,Seed Funding,9.58
1225,,Bats on delivery,Consumer Internet,"Online food, Grocery ordering & Delivery",Gurgaon,Devdeep Singh,Seed Funding,0.8622
1226,,numberz.in,Technology,Cash Flow Management Solution for Businesses,Gurgaon,"Kae Capital, Khosla Impact",Seed Funding,6.227
1227,,Housing.com,Consumer Internet,Real Estate Portal,Mumbai,Softbank Group,Private Equity,47.9
1228,,Awesummly,Consumer Internet,Short News Mobile App,Bangalore,"Vivek Bhargava, Ameera Shah",Seed Funding,1.40826
1230,,Vymo,Technology,SaaS-based predictive analytics platform,Bangalore,Sequoia India,Private Equity,47.9
1232,,Noddapp,Consumer Internet,App based networking platform,Mumbai,Undisclosed multiple investors,Seed Funding,1.40826
1233,,Knowlarity,Consumer Internet,Cloud Telephony Platform,Bangalore,"Delta Partners, Sequoia India,\\xc2\\xa0 Mayfield, Blacksoil, Trifecta Capital",Private Equity,191.6
1234,,Infisecure,Technology,Bot Protection Solutions,Mumbai,"IDG Ventures, Axilor Ventures",Seed Funding,5.748
1235,,Udaan,eCommerce,B2B Marketplace,Bangalore,"Lightspeed Venture Partners India, Lightspeed US",Private Equity,95.8
1238,,ShareChat,Consumer Internet,Local Language Social Networking Platform,Mumbai,"Lightspeed India Partners, SAIF Partners, India Quotient, Venture Highway",Private Equity,38.32
1245,,Kloseby,Consumer Internet,proximity based\\xc2\\xa0 Rewards platform,Bangalore,Undisclosed Investor,Seed Funding,0.958
1246,,WholeSaleBox,eCommerce,B2B Wholesale Apparel Marketplace,Jaipur,"Manish Maheshwari, Contrarian Vriddhi Fund",Private Equity,19.16
1248,,Affordplan,Consumer Internet,Savings platform for Medical Expenses,New Delhi,"Prime Venture Partners, Kalaari Capital",Private Equity,28.74
1249,,HandyTrain,Consumer Internet,Mobile App for SAAS based Training,Goa,"Silver Range Investments, Lumina Datamatics, Shun Yoshida & Others",Private Equity,9.58
1250,,ShopsUp,eCommerce,Hyperlocal Shopping App,Bangalore,"Anand Sankeshwar, Yang Shu",Seed Funding,9.22554
1251,,Indofash,eCommerce,Ethnic Indian Fashion Marketplace,Bangalore,"Shekhar Sahu, Nitesh Pant",Seed Funding,1.437
1252,,Entropika,Technology,"AI, Machine learning Solutions",Bangalore,"Dileep Bhatt, Milind Chaudhary",Seed Funding,1.916
1253,,MarianaIQ,Technology,AI-driven B2B marketing platform,Bangalore,Exfinity Venture Partners,Private Equity,19.16
1254,,Chai Thela,Food & Beverage,Quick Service Restaurants,Noida,Quarizon,Seed Funding,2.08844
1255,,Interviewpad,Technology,Engineering Interview facilitation platform,Pune,Krishna Rokhale,Seed Funding,0.958
1256,,Math Buddy,Consumer Internet,Online Math Learn,Vadodara,Menterra Social Impact Fund,Seed Funding,4.2152
1257,,Pulse,Consumer Internet,Campus Social Networking App,Bangalore,SAIF Partners,Private Equity,4.79
1259,,Carcrew.in,Consumer Internet,Online Car repair Marketplace,Mumbai,TVS Group,Seed Funding,4.79
1261,2016-03-10,Mystifly,Consumer Internet,Airline Ticket Aggregator,Bangalore,Recruit Holdings,Private Equity,47.9
1263,2016-03-10,Uniphore,Technology,Speech Recognition Solutions,Chennai,"IDG Ventures, Indian Angel Network (IAN), YourNest Angel Fund",Private Equity,19.16
1264,2016-03-10,World Art Community,eCommerce,Art & Craft Marketplace,Gurgaon,Viraj Tyagi & Others,Seed Funding,1.916
1265,2016-04-10,Giftxoxo,eCommerce,Online Gifting platform,Bangalore,Mahindra Holidays & Resorts India Ltd,Private Equity,4.311
1268,2016-04-10,India Gifts Portal,eCommerce,Online Gifting platform,Noida,"Naveen Arya, Tarun Joshi",Private Equity,19.16
1269,2016-04-10,Moglix,eCommerce,Industrial & Home products marketplace,Noida,"Accel Partners, Jungle Ventures, SeedPlus",Private Equity,40.236
1270,2016-04-10,NetLinx,Consumer Internet,Internet Service Provider,Hyderabad,"Xchange Investors NV, TransGlobal FZC",Private Equity,28.74
1272,2016-04-10,Remitr,Consumer Internet,Foreign Currency Payments Platform,Mumbai,"Vijay Shekhar Sharma, Pravin Gandhi,\\xc2\\xa0 Smart Start Fund; Kunal Shah,\\xc2\\xa0 Sandeep Tandon, Vishal Gondal, & Others",Seed Funding,9.58
1273,2016-04-10,InnerChef,Consumer Internet,Online food ordering platform,Gurgaon,"Mistletoe, M&S Partners",Private Equity,23.95
1274,2016-04-10,AppsDaily,Consumer Internet,"Mobile Phone Theft, Damage Protection platform",Mumbai,"Zodius Capital, Kalaari Capital, Qualcomm Ventures, Russian venture capital fund Ru-Net, Mumbai Angels",Private Equity,35.925
1278,2016-05-10,UE LifeSciences,Technology,Mobile Health Technology Solutions,Mumbai,"Kiran Mazumdar-Shaw, Unitus Seed Fund",Private Equity,11.496
1280,2016-06-10,RealBox,Technology,Data Sciences Platform,Noida,Hyderabad Angels,Seed Funding,2.874
1282,2016-06-10,GoZefo,eCommerce,Used Furniture & Appliances Marketplace,Bangalore,"Helion Venture Partners, BeeNext",Private Equity,10.059
1283,2016-07-10,RayIOT,Technology,Baby Monitoring Devices manufacturer,Bangalore,HAX Accelerator,Seed Funding,0.958
1284,2016-07-10,KOOH Sports,Technology,Sports Training & Technology,Mumbai,"HDFC, Faering Capital, Elevate Sports",Private Equity,21.076
1285,2016-07-10,Flexiloans,Consumer Internet,Online Funds Raising Platform,Mumbai,"Sanjay Nayar, Vikram Sud, Anil Jaggia, Narayan Seshadri",Private Equity,143.7
1287,2016-10-10,Vithi.com,eCommerce,Online Hair Extension etailer,New Delhi,undisclosed investor,Seed Funding,3.5925
1288,2016-11-10,Yupp TV,Consumer Internet,Internet-based TV streaming service provider,Bangalore,Emerald Media,Private Equity,479.0
1289,2016-11-10,Deyor Camps,Consumer Internet,Branded Camping location Aggregator,Gurgaon,"Nitin Passi, Manickam Mahalingam, Udaan Angels, Rajesh Arora, Arkas Industries",Seed Funding,4.79
1291,,FabAlley,ecommerce,online fashion brand store,Noida,"India Quotient, FAO Ventures, Indian Angel Network, Tushar Singh, Ranjan Sharma",Private Equity,19.16
1294,,RoboVac,Technology,waterless car washing solution,Ahmedabad,Virendra Patel,Seed Funding,4.311
1295,,Newspatrolling,Consumer Internet,Online News portal,New Delhi,Undisclosed,Seed Funding,0.2395
1296,,Postman,Consumer Internet,API Platform,Bangalore,Nexus Venture Partners,Private Equity,67.06
1297,,ISFC,Finance,Education Sector Lending,Hyderabad,Gray Matters Capital,Private Equity,57.48
1301,,DailyHunt,Consumer Internet,Vernacular content mobile app,Bangalore,"ByteDance, Arun Sarin, Matrix Partners, Sequoia Capital India, Omidyar Network,\\xc2\\xa0 Falcon Edge",Private Equity,239.5
1302,,Tazzo Bikes,Consumer Internet,Motorbike rental platform,Hyderabad,DSG Consumer Partners,Seed Funding,2.17466
1303,,MyKindofJob,Consumer Internet,Internet & Fresher Job platform,Mumbai,"Mayank Shah, Shreyans Shah",Seed Funding,9.58
1306,,Yumigo,Consumer Internet,App based Travel Discovery and Transactions platform,Gurgaon,Hemant Sahni,Seed Funding,2.874
1307,,Rentalpha,Others,equipment rental and leasing company,Mumbai,Bravia Capital,Private Equity,153.28
1308,,3Dexter,Technology,3D Printing Solutions for Edu space,New Delhi,Newbie Promoters,Seed Funding,1.437
1311,,MySUN,Technology,Solar Energy harnessing products marketplace,Noida,General Catalyst Partners,Private Equity,23.95
1313,,Furlenco,Consumer Internet,Online Furniture Rental platform,Bangalore,"Lightbox Ventures, Axis Capital & Others",Private Equity,287.4
1314,,Fisdom,Consumer Internet,Personal Wealth Management Platform & App,Bangalore,"Saama Capital, Raghunandan G, Aprameya Radhakrishna",Private Equity,10.538
1315,,Actofit,Technology,Wearable Technology platform & devices,Mumbai,Next Orbit Ventures Fund,Private Equity,7.185
1319,,ChatOnGo,Consumer Internet,Hyperlocal\\xc2\\xa0 Communication Mobile app,Mumbai,Janak Jain,Seed Funding,2.874
1321,,Healthians,Consumer Internet,Health Test Discovery & Ordering service,Gurgaon,BEENEXT,Private Equity,28.74
1322,,Box8,Consumer Internet,Online Food Ordering platform/App,Mumbai,"IIFL Seed Ventures Fund, Mayfield Ventures",Private Equity,71.85
1323,,Kredx,eCommerce,Invoice discounting marketplace,Bangalore,Sequoia Capital,Private Equity,57.48
1324,,CreditMate,Consumer Internet,Credit Report Info platform,Mumbai,India Quotient,Seed Funding,4.79
1327,,SooperMO,Technology,Android utility app suite creator,Gurgaon,Lalit Vase,Seed Funding,0.958
1328,,OrangeTwig,Consumer Internet,Social Media Marketing platform,New Delhi,Undisclosed investor,Seed Funding,9.58
1330,,The Kettlery,eCommerce,Online Tea Etailer,Ahmedabad,"hooting Starts Sports LLP, Franchise India Brands",Private Equity,9.58
1331,,Idea Bubbles,Consumer Internet,Doctor Consulting platform,Bangalore,"1Crowd, Eureka Forbes Ltd, Shapoorji Pallonji & Co. Ltd.",Private Equity,6.706
1332,,FR8,Technology,Truck Fleet Operation platform,Chennai,Omnivore Partners,Private Equity,9.30218
1333,,Ather Energy,Technology,Electric Vehicle Manufacturer,Bangalore,Hero MotoCorp,Private Equity,258.66
1335,,Velmenni,Technology,LiFi based wireless communication provider,New Delhi,Kalaari Capital,Seed Funding,0.958
1336,,Volta Motors,Technology,Electric Bike Manufacturer,Chennai,Kalaari Capital,Seed Funding,0.958
1337,,Cyclops,Technology,Clinical and Wearable Diagnostic Product creator,Bangalore,Kalaari Capital,Seed Funding,0.958
1338,,Impact Analytics,Technology,Business intelligence and data science Startup,Bangalore,"Aarin Capital, Michael Herzig, Ashish Lakhanpal",Private Equity,7.185
1339,,Talent Next,Consumer Internet,Talent Discovery & Audition management platform,Mumbai,Karanpal Singh & Others,Seed Funding,9.58
1341,2016-01-09,Mihup,Technology,Personal Digital Assistant,Kolkata,Accel Partners,Private Equity,64.186
1347,2016-06-09,eShakti,eCommerce,Women\xe2\x80\x99s Fashion Apparel eTailer,Chennai,"Infina Finance Pvt. Ltd, Uday Kotak",Private Equity,12.933
1348,2016-06-09,CheersOye!,Consumer Internet,Online Gift Vouchers platform,Mumbai,Undisclosed Investors,Seed Funding,4.79
1350,2016-06-09,BigStylist,Consumer Internet,Hyperlocal doorstep Beauty Services provider,Mumbai,Info Edge (India) Ltd,Private Equity,8.622
1351,2016-07-09,Zilingo,eCommerce,Online Fashion Retailer,Bangalore/ Bangkok,"Venturra Capital, Sequoia India, Susquehanna International Group.\\xc2\\xa0 Wavemaker Partners, Beenext, Beenos, Digital Garage",Private Equity,76.64
1352,2016-07-09,Alternacare,Consumer Internet,Online Doctor Consulting platform,New Delhi,Eros Labs,Seed Funding,4.79
1353,2016-07-09,Simplilearn,Education,Online Certification programs,Bangalore,InnoVen Capital India,Private Equity,57.48
1354,2016-07-09,Prozo,eCommerce,Study Material Marketplace,Gurgaon,"Earlsfield Capital, Sailender Solanki, Rajiv Solanki",Seed Funding,3.0177
1355,2016-08-09,TopRankers,Education,Online Test Preparation platform,Bangalore,"CareerNet Consulting Pvt. Ltd, Ideation Initiative Pvt. Ltd,",Seed Funding,6.4186
1356,2016-08-09,BuildTraders,eCommerce,Online Construction Materials Marketplace,Bangalore,Idein Ventures,Seed Funding,1.916
1357,2016-09-09,Byju\\xe2\\x80\\x99s,Education,Online Learning App,Bangalore,"Chan Zuckerberg Initiative, Times Internet Ltd, Sequoia Capital, Sofina, Lightspeed Ventures",Private Equity,479.0
1360,2016-10-09,CureInstant,Consumer Internet,Social Health Networking Platform,New Delhi,Dr. Rameshwar Kumar,Seed Funding,1.437
1361,2016-10-09,Poshtic,Consumer Internet,Online health & Wellness platform,Noida,"havya Sharma, Amit Nagar",Seed Funding,4.311
1363,2016-12-09,Purple Style Labs,Consumer Internet,Personal Styling Online platform,Mumbai,"Augment Ventures, Rahul Kayan, Nikhil Golcha, Shubham Gupta, Roy Kwan",Seed Funding,4.29184
1364,2016-12-09,Inuxu,Technology,Online Advertising Solutions,Pune,Fork Media,Private Equity,28.74
1365,2016-12-09,Nykaa,eCommerce,Online Beauty products eTailer,Mumbai,"Sunil Munjal, Mariwala family",Private Equity,117.834
1366,2016-12-09,Glam Studios,Consumer Internet,Beauty Salon Aggregator,Noida,"Pradeep Mirani, Aqeel Ahmed, Anand Ladsariya, Nitin Agarwal",Seed Funding,2.874
1370,,NearBuy,Consumer Internet,Online Deals & Discount platform,Gurgaon,BlackSoil Capital Pvt. Ltd.,Private Equity,23.95
1372,,Flocareer,Consumer Internet,Jobs & Skill Validation platform,Bangalore,"Balasubramanian Krishnamurthy, Sidhartha Hazarika & Others",Seed Funding,1.437
1374,,infeedo,Consumer Internet,Employee engagement platform,Gurgaon,"Dheeraj Jain, Palash Jain, Anupam Mittal, Ameera Shah,\\xc2\\xa0 Vivek Bhargava, Rahul Singh, Ambarish Gupta,",Seed Funding,1.916
1375,,Furlenco,eCommerce,Online furniture rental startup,Bangalore,Lightbox Ventures and others,Private Equity,47.9
1376,,GoPigeon,Consumer Internet,on-demand logistics service provider,Bangalore,Nexus Venture Partners,Private Equity,14.37
1377,,NewsDistill,Consumer Internet,City based News Aggregator App,Hyderabad,"Ganesh Narasimhan, Ramana Thumu, Sudhir Mallem",Seed Funding,0.958
1378,,DoctorInsta,Consumer Internet,Online Doctor Consultations,Gurgaon,RoundGlass Partners,Private Equity,9.58
1379,,Milofy,Consumer Internet,Couple Socialization App,Bangalore,Accel Partners,Seed Funding,7.185
1381,,Swiggy,Consumer Internet,Online Food Ordering & Delivery,Bangalore,Bessemer Venture Partners,Private Equity,143.7
1383,,JustLikeNew,eCommerce,Online gadget Repair Services Marketplace,Hyderabad,LetsVenture,Seed Funding,4.79
1385,,Co Life,Consumer Internet,shared living and working spaces platform,Bangalore,Undisclosed Investors,Seed Funding,9.58
1387,,Pepperfry,eCommerce,Furniture eTailer,Mumbai,"Goldman Sachs Group, Zodius Technology Fund, Norwest Venture Partners, Bertelsmann India",Private Equity,299.854
1388,,eQuickies,eCommerce,Online Book etailer,Ahmedabad,Lothal Angel Ventures,Seed Funding,2.85484
1389,,Khel Now,Consumer Internet,Mobile-based social networking platform,New Delhi,Anglian Omega Network,Seed Funding,3.353
1390,,Gadgetwood,Consumer Internet,On-Demand Gadget repair services platform,New Delhi,Carpediem Capital,Private Equity,57.48
1392,,Flixy Games,Technology,Mobile Game Publisher for Indian audience,Bangalore,Rebright Partners,Seed Funding,4.0715
1393,,HashTaag,Technology,Mobile App Development company,Bangalore,Undisclosed investors,Seed Funding,9.58
1394,,PharmaRack,Technology,SAAS application for Pharma Industry,Pune,"Currae Healthtech Fund, Unicorn India Ventures",Private Equity,7.1371
1395,,\\xc2\\xa0CloudCherry,Technology,CRM SAAS Platform,Chennai,"Vertex Ventures, Cisco Ventures, IDG Ventures",Private Equity,57.48
1401,,TinyStep,Consumer Internet,Parenting Network Platform,Bangalore,Flipkart Logistics Pvt. Ltd,Private Equity,15.1364
1403,,Beardo,eCommerce,Mens Grooming products etailer,Ahmedabad,Venture Catalysts,Seed Funding,4.79
1404,,Instacar,Consumer Internet,Out-Station Taxi Rental Platform,Indore,Swastika Co Ltd.,Seed Funding,9.58
1405,,Celes Care,Consumer Internet,Virtual Health Clinic for Women,Hyderabad,Endiya Partners,Seed Funding,9.58
1406,,Druva,Technology,Cloud Based Data Protection Solution,Pune,"Sequoia India, EDBI, Blue Cloud Ventures, Hercules Capital",Private Equity,488.58
1407,,Promon,eCommerce,Local Commerce Platform,New Delhi,Now Capital,Seed Funding,1.7244
1409,,Unocoin,Consumer Internet,Bitcoin Wallet,Bangalore,"Blume Ventures, Mumbai Angels, ah! Ventures, Digital Currency Group, Boost VC, Bank to the Future and Funders Club",Private Equity,14.37
1411,,Zeta,Technology,Enterprise Cloud Solutions,Mumbai,Bhavin Turakhia,Private Equity,182.02
1413,2016-01-08,HealthKart,eCommerce,Online Pharmacy & Health Marketplace,Gurgaon,"Sequoia Capital India, Omidyar Network, Kae Capital",Private Equity,114.96
1414,2016-01-08,Medinfi,Consumer Internet,Doctor & Clinic\\xc2\\xa0 Discovery Platform,Bangalore,"Mudit Saxena, Evan Lim",Seed Funding,1.916
1415,2016-01-08,RepairEasy,Consumer Internet,Gadget Repair Services Platform,Pune,Undisclosed HNIs,Seed Funding,2.6345
1416,2016-01-08,Voonik,eCommerce,Online Women\\xe2\\x80\\x99s Fashion Marketplace,Bangalore,InnoVen Capital,Private Equity,28.74
1417,2016-01-08,Tokri,Consumer Internet,Hyperlocal Grocery Delivery platform,Pune,Syska LED group,Private Equity,23.95
1418,2016-02-08,Sheroes,Consumer Internet,Online Job and Career Platform for Women,Noida,"Lumis Partners, The HR Fund, Rajul Garg, Quintillion Media",Private Equity,17.244
1420,2016-02-08,Yumlane,Food & Beverage,Retail Food & Snack Offline centres,Mumbai,"Binny Bansal, Anupam Mittal, Sachin Bhatia, Darius Pandole, Kunal Khattar, Dheerag Jain",Seed Funding,9.58
1422,2016-03-08,ExtraCarbon,Consumer Internet,Waste Recycle Management platform,Gurgaon,Brand Capital,Seed Funding,2.1555
1423,2016-03-08,FlickBay,Consumer Internet,Mobile Based Bollywood Discovery platform,Mumbai,Paul Roy,Seed Funding,8.5262
1424,2016-04-08,Petoo,Consumer Internet,Food Delivery Platform,Bangalore,Existing Investors,Seed Funding,4.79
1427,2016-06-08,VST Travels,Technology,Travel Ticket Booking Software,Kerala,Promatus Group,Seed Funding,0.25866
1429,2016-08-08,Wefly Indoor Skydiving,Others,Indoor Skydiving Sports Provider,Mumbai,Swastika Company Ltd.,Seed Funding,0.3832
1430,2016-08-08,Mojarto,eCommerce,"Original Art, Digital Prints etailer",Gurgaon,Undisclosed Investors,Seed Funding,4.2631
1431,2016-08-08,Zipgrid,Consumer Internet,Community services platform,Mumbai,1Crowd (through crowd funding),Seed Funding,1.916
1434,2016-10-08,Vebbler,Consumer Internet,Photo Sharing Mobile App,Bangalore,"Anupam Mittal, Sharad Sharma & 14 others",Seed Funding,4.79
1435,2016-10-08,Bombay Shaving Company,eCommerce,Men\\xe2\\x80\\x99s Grooming Product etailer,New Delhi,"Noshir Kaka, Subramanian Ramadorai, Kiran Deshpande, Pankaj Gupta, Ravi Nigam & Others",Seed Funding,5.748
1436,2016-11-08,Travelyaari,Consumer Internet,Online ticket booking platform,Bangalore,"Gujarat Venture Finance Limited (GVFL), Bennett Coleman & Co. Ltd",Private Equity,67.06
1438,2016-11-08,Genextstudents,Consumer Internet,Online Tutoring Service provider,Mumbai,1Crowd (through crowdfunding),Seed Funding,2.00222
1439,2016-11-08,Zenoti,Technology,Cloud Based Software Solutions Provider,Hyderabad,"Norwest Venture Partners, Accel India",Private Equity,143.7
1440,2016-12-08,Crofarm,Technology,Agri-Tech supply chain Solution provider,Gurgaon,"Mukul Singhal, Rohit Jain, Himanshu Aggrawal, Sunil Goyal Ashish Gupta,",Private Equity,14.37
1441,2016-12-08,Faircent.com,Consumer Internet,peer-to-peer lending platform,Gurgaon,Brand Capital,Private Equity,14.37
1442,2016-12-08,Innovaccer,Technology,Integrated Enterprise Analytics Platform,Noida,Westbridge Capital Partners,Private Equity,149.448
1443,2016-12-08,Cuberoot,Technology,Data Analytics & Audience Management Platform,Gurgaon,Undisclosed Investors,Seed Funding,4.79
1447,,OyoRooms,Consumer Internet,Budget Hotels Aggregator,New Delhi,SoftBank Group,Private Equity,593.96
1448,,Hike,Consumer Internet,Mobile Messaging App,New Delhi,"Tencent Holdings, Foxconn Technology Group, Tiger Global, SoftBank Group, Bharti Enterprises",Private Equity,1676.5
1449,,Joolz,eCommerce,Online Jewellery Store,Mumbai,"Powerhouse Ventures, M&S Partners",Private Equity,4.79
1450,,SaleBhai,eCommerce,"Sweets, Dry Fruits & Handicrafts etailer",Ahmedabad,Brand Capital,Private Equity,14.37
1451,,Makkajai,Technology,Online & Mobile learning for kids,Pune,"Anand Chandrasekaran, Ananth Narayanan, Mekin Maheshwari, Ravi Garikipati, Divyesh Shah, Swastika Company Ltd",Seed Funding,2.395
1453,,MaalGaadi,Logistics,Online Logistics Marketplace,Indore,"Swan Angel Network,Sachin Khandelwal and others",Seed Funding,3.5925
1455,,Appknox,Technology,Mobile security solutions,Bangalore,"SeedPlus, Infocomm Investments, Accel Partners RNT Associates",Private Equity,6.4665
1459,,Quikr,Consumer Internet,Classified Listings platform,Mumbai,Brand Capital,Private Equity,191.6
1460,,Digio,Technology,Aadhar based Document Signing platform,Bangalore,Rainmatter,Private Equity,3.5925
1463,,Puro Wellness,healthcare,"Organic,\\xc2\\xa0 Natural\\xc2\\xa0 Food substitute manufacturer",Mumbai,Torrent Group,Private Equity,354.46
1466,,Notesgen,Consumer Internet,Online Notes Sharing Portal,New Delhi,"Riju Gupta, Kamal Chabra",Seed Funding,0.958
1468,,Octo.ai,Technology,Artificial Intelligence based marketing platform,New Delhi,"Outbox Ventures, Jaspreet Bindra, Arjun Malhotra, Rohan Malhotra, Sidharth Rao, Rakesh Agrawal",Seed Funding,1.916
1470,,UnaAcademy,Consumer Internet,Free Interactive education platform,Bangalore,"Blume Ventures, Sachin Bansal, Vijay Shekhar Sharma, Binny Bansal,\\xc2\\xa0 Kunal Shah, Sandeep Tandon, Ashish Tulsian",Private Equity,9.58
1471,,Advenio,Technology,Clinical Imaging Solution Provider,Chandigarh,Kalaari Capital,Seed Funding,0.958
1472,,Guarented,eCommerce,Home Furnishing rental marketplace,Bangalore,Kalaari Capital,Seed Funding,4.79
1474,,Uber Dreams,eCommerce,Dreams fulfilling marketplace,Mumbai,Mohit Lalvani,Seed Funding,4.79
1475,,Convegenius,Education,Edutainment platform,Noida,Michael and Susan Dell Foundation,Private Equity,8.622
1476,,UrbanLadder,eCommerce,Online Furniture Store,Mumbai,Trifecta Capital,Private Equity,28.74
1479,,Cult,Healthcare,Health and Fitness Centres,Bangalore,CureFit,Private Equity,28.74
1482,,ZoomCar,Consumer Internet,Self-driven car booking platform,Bangalore,Ford Smart Mobility Llc,Private Equity,229.92
1483,,Plix,Consumer Internet,Photo and Video Sharing App,Gurgaon,Instalabs,Seed Funding,4.79
1484,,Mobikwik,Consumer Internet,Digital Wallet platform,Gurgaon,Net1 UEPS Technologies Inc,Private Equity,383.2
1485,,MyDidi,Consumer Internet,"on-demand, hyper-local Cleaning services provider",Mumbai,Undisclosed Ex Mckinsey Directors and Partners,Seed Funding,5.269
1487,,LoanTap,Consumer Internet,Lending platform for Salaried professionals,Mumbai,"Dr. Abhishek Pandey, Jaysukh Sapra",Private Equity,28.74
1488,,Runnr,Consumer Internet,hyperlocal Logistics services provider,Bangalore,"Nexus Venture Partners, Blume Ventures",Private Equity,67.06
1490,,Notion Press,Consumer Internet,Self-Publishing books platform,Chennai,Undisclosed HNI investors,Private Equity,9.58
1491,,LivSpace,Consumer Internet,Online portal for Home Design,Bangalore,"Bessemer Venture Partners, Jungle Ventures, Helion Ventures",Private Equity,143.7
1492,,iAugmentor Labs,Technology,Assessment & Learning Platform,Gurgaon,Rajasthan Angel Investor Network & Others,Seed Funding,1.42742
1493,,DayBox,Consumer Internet,Fruit & Vegetable Delivery platform,New Delhi,"Ashutosh Lawania, Rajul Jain, Badal Malick, Rishi Gupta & Others",Seed Funding,0.99632
1494,,Paytm,eCommerce,Mobile Wallet & ECommerce platform,Bangalore,MediaTek Inc.,Private Equity,574.8
1495,,CropIn,Technology,Agriculture Technology Solutions,Bangalore,Sophia Investment ApS,Private Equity,19.16
1496,,Canvera,Consumer Internet,Photographer Discovery & Information platform,Bangalore,Info Edge (India) Ltd,Private Equity,28.74
1498,,Flyrobe,eCommerce,Online fashion rental platform,Mumbai,"IDG Ventures, Sequoia Capital, GREE Ventures",Private Equity,50.774
1502,2016-01-07,Venture Catalysts,Consumer Internet,Seed Investment & Innovation Platform,Mumbai,Zaffiro Ventures,Seed Funding,4.79
1504,2016-02-07,Playment,Consumer Internet,Mobile Marketplace for Crowdsourced Work,Bangalore,SAIF Partners,Private Equity,6.706
1506,2016-04-07,Curefit,Consumer Internet,Online Preventive Healthcare Platform,Bangalore,"Accel Partners, IDG Ventures, Kalaari Capital",Private Equity,143.7
1507,2016-04-07,StitchWood,eCommerce,Custom Furniture Online,Mumbai,Deepak Gupta,Seed Funding,1.916
1508,2016-04-07,Grab.in,Logistics,hyperlocal logistics service,Mumbai,Aramex Ventures Llc,Private Equity,19.16
1510,2016-04-07,NeoGrowth,Finance,SME Lending platform,Mumbai,"IIFL Wealth Management Seed Venture Fund, Omidyar Network, Khosla Impact, Aspada",Private Equity,153.28
1511,2016-05-07,SeeDoc,Consumer Internet,Video Based Doctor Consulting platform App,Gurgaon,YourNest Angel Fund\\xc2\\xa0 & Others,Private Equity,9.58
1512,2016-05-07,BookMyShow,Consumer Internet,Event & Movie Ticketing platform,Mumbai,"Stripes Group, Network 18, Accel Partners, SAIF Partners",Private Equity,785.56
1513,2016-05-07,Flyrobe,eCommerce,Online fashion rental platform,Mumbai,"Sequoia Capital, Rohit Bansal, Kunal Bahl, Sandeep Tandon, Kunal Shah, Zishaan Hayath,\\xc2\\xa0 Abhishek Jain",Seed Funding,16.286
1514,2016-06-07,HappilyUnmarried,eCommerce,Online Merchandize etailer,New Delhi,Info Edge (India) Ltd,Private Equity,7.0892
1515,2016-06-07,Don\\xe2\\x80\\x99t Scratch Your Head,Technology,Full Stack Offline & Online ERP Solution,Ahmedabad,"Gaurav Singhvi, Zaffiro Ventures",Seed Funding,2.395
1516,2016-06-07,Wedding Wishlist,Consumer Internet,"Wedding Wishlist, Gifts & Registry Creation platform",Chennai,"Kirthiga Reddy, Renuka Ramanath,Cherry Tin",Seed Funding,2.84526
1517,2016-07-07,AppDaily,Technology,Mobile Security App development & Distribution,Mumbai,"Kalaari Capital, Qualcomm Ventures, ru-Net, Zodius Technology Opportunities Fund,",Private Equity,19.16
1518,2016-07-07,Adytude,Consumer Internet,Gamified Consumer Insights Portal,New Delhi,Indian Angel Network,Private Equity,9.58
1522,2016-08-07,HolaChef,Consumer Internet,Online Food Ordering & Delivery Platform,Mumbai,"Kalaari Capital, India Quotient",Private Equity,18.681
1523,2016-11-07,Purplle,eCommerce,Beauty Products Marketplace,Mumbai,"JSW Ventures, Blume Ventures & IvyCap Ventures",Private Equity,57.48
1524,2016-11-07,Trak N Tell,Technology,Car Tracking & Safety System,Gurgaon,Brian Acton,Private Equity,33.53
1525,2016-11-07,Overcart.com,eCommerce,Unboxed & refurbished electronic products marketplace,Gurgaon,"JSW Ventures, Omidyar Network, Sattva Capital, Venture Works",Private Equity,28.74
1526,2016-12-07,SirionLabs,Technology,SAAS based Service Agreement Management,Gurgaon,Sequoia Capital,Private Equity,117.355
1531,,YAAP,Consumer Internet,"Online Content Discovery, Creation & Distribution Platform",New Delhi,Rainmaker Ventures,Private Equity,47.9
1533,,Twigly,Consumer Internet,Online Food Ordering & Delivery Startup,Gurgaon,"Tracxn Labs, Hyderabad Angels, Kunal Shah, Gaurav Bhalotia",Seed Funding,5.748
1534,,ShareChat,Consumer Internet,Vernacular Language Content Creation & Sharing App,Bangalore,"SAIF Partners, India Quotient",Private Equity,12.933
1536,,RentMojo,Consumer Internet,Online Furniture Renting Platform,Bangalore,"Accel Partners, IDG Ventures India",Private Equity,47.9
1539,,Augrav,eCommerce,Personalized precious Jewellery etailer,Coimbatore,Keiretsu Forum,Seed Funding,4.311
1540,,ShoppinPal,Technology,M-Commerce Solutions for Retail Stores,Pune,"Plug and Play Tech Center, Steelhead Ventures & Others",Private Equity,10.2506
1542,,WorkApps,Technology,Enterprise Work Management Software,Pune,SRI Capital,Seed Funding,9.58
1543,,BankerBay,Consumer Internet,Online Investment Banking platform,Bangalore,undisclosed investors,Private Equity,19.16
1545,,TripShelf,eCommerce,Travel Package Marketplace,New Delhi,GEMS group,Seed Funding,2.395
1547,,Ridlr,Consumer Internet,Public Transport Mobile App,Mumbai,"Times Internet, Innoven Capital, Matrix Partners India, Qualcomm Ventures",Private Equity,57.48
1548,,Yellowdig,Consumer Internet,Online Learning Platform,Pune,SRI Capital,Seed Funding,6.227
1549,,Zuppler,Consumer Internet,Online Food Ordering platform,New Delhi,SRI Capital,Seed Funding,6.227
1550,,BlueStone,eCommerce,Jewellery Etailer,Mumbai,"IIFL and Accel Partners, Kalaari Capital, IvyCap Ventures, RB Investments",Private Equity,287.4
1553,,Sagacito,Technology,Cloud-Based Enterprise Solutions,New Delhi,Star India Pvt. Ltd,Private Equity,95.8
1554,,Deal4Loans / Wishfin,Consumer Internet,\\nLoans Comparison platform\\n\\n\\n\\n     (adsbygoogle = window.adsbygoogle || []).push({});\\n\\n,Noida,Franklin Templeton International Services Pvt. Ltd,Private Equity,143.7
1555,,NiYO Solutions,Technology,Payroll & Benefits Software solutions,Bangalore,Prime Venture Partners,Private Equity,9.58
1556,,AppLop,Consumer Internet,Mobile Apps SaaS Platform,Gurgaon,Green House Ventures Accelerator,Seed Funding,2.395
1557,,Tax2Win,Consumer Internet,Online Tax Filing Portal,Jaipur,Undisclosed Investors,Private Equity,9.58
1558,,Truckola,Logistics,Tech-focused cargo transport startup,Mumbai,"Abhishek Agarwal, Krishnakumar Nataraj, Sarath Sura, Shanti Mohan, Sarthak and Nihit Agarwal, Suramya Gupta",Seed Funding,5.7001
1560,,MyTaxiIndia,Consumer Internet,Online Car rental booking platform,New Delhi,Nihon Kotsu Co,Private Equity,9.58
1562,,Wiwigo,Consumer Internet,Inter-City Taxi Booking platform,Bangalore,Indian Angel Network,Seed Funding,5.7001
1568,2016-02-06,Atomberg,Technology,"smart, energy efficient home appliance manufacturer",Mumbai,Parampara Capital,Private Equity,9.58
1570,2016-02-06,Limo,Consumer Internet,Bus Aggregator Mobile app,Mumbai,Rainmaker Ventures,Private Equity,9.58
1572,2016-03-06,GoGo Truck,Consumer Internet,Truck Aggregator & Booking platform,Chennai,Undisclosed Investor,Seed Funding,0.7185
1573,2016-03-06,Vyome Biosciences,Healthcare,Treatment Development for Antibiotic-resistant diseases,New Delhi,Romulus Capital,Private Equity,19.16
1574,2016-06-06,SillyMonks,Consumer Internet,Digital Media and Entertainment Startup,Hyderabad,Sreenivasa Reddy Musani,Seed Funding,4.29184
1575,2016-07-06,CueMath,Education,K-12 Maths Learning Courses,Bangalore,"Sequoia Capital, Unitus Seed Fund",Private Equity,38.32
1576,2016-07-06,KrazyBee,Consumer Internet,Student Micro-Loan platform,Bangalore,"Yeahmobi, Fenqile",Private Equity,19.16
1577,2016-07-06,Intgrea,Technology,Post merger Integration Partners,Bangalore,Undisclosed Investor,Seed Funding,0.958
1578,2016-07-06,HelpShift,Technology,Mobile CRM Platform,Pune,"Microsoft Ventures, Salesforce Ventures",Private Equity,220.34
1579,2016-07-06,CreditVidya,Technology,Credit Scoring Platform,Mumbai,Kalaari Capital,Private Equity,9.58
1580,2016-08-06,Grey Campus,Consumer Internet,Online Learning Platform,Hyderabad,Sarath Sura,Seed Funding,9.58
1581,2016-08-06,ListUp,eCommerce,Location based Classified Mobile app,Mumbai,"Kae Capital, Kunal Shah, Sandeep Tandon",Seed Funding,4.79
1582,2016-08-06,6Degree,Technology,Tech-enabled Fashion Talent platform,Mumbai,Indian Angel Network,Seed Funding,1.916
1585,2016-08-06,StoreKing,eCommerce,Connecting Small Town Consumers to E-Commerce,Bangalore,Axiata Digital,Private Equity,153.28
1587,2016-08-06,MySeniorDoctor,Consumer Internet,Online medical support platform,Gurgaon,BlackJag Partners,Seed Funding,1.916
1590,2016-09-06,EPayLater,Technology,Fin-Tech Platform,Mumbai,3 undisclosed HNIs,Seed Funding,19.16
1592,2016-10-06,Paytunes,Consumer Internet,Mobile based rewards platform,New Delhi,"CIO Angel Network, Indian Angel Network",Private Equity,4.79
1600,,Bombay Shirt Company,eCommerce,Online custom Shirt retailer,Mumbai,undisclosed investor,Private Equity,9.58
1605,,Jivox,Technology,Data Driven Advertising platform,Bangalore,"You & Mr Jones, Fortisure Ventures, Diaz Nesamoney",Private Equity,57.48
1606,,Sminq,Consumer Internet,Queue management Mobile app,Pune,"Saama Capital, Blume Ventures & Vaibhav Domkundwar",Seed Funding,9.58
1607,,CureJoy,Consumer Internet,Online Alternative health community platform,Bangalore,Accel Partners India,Private Equity,42.152
1608,,Oneway.cab,Consumer Internet,Taxi Rental Platform,Vadodara,Indian Angel Network,Seed Funding,4.311
1610,,Diro Labs,Consumer Internet,Contact Management Mobile App,New Delhi,Info Edge (India) Ltd,Private Equity,4.311
1611,,Unnati Helpers,Consumer Internet,Help Hiring Platform,Gurgaon,Info Edge (India) Ltd,Private Equity,5.748
1614,,Voonik,eCommerce,Online Women\\xe2\\x80\\x99s Fashion Marketplace,Bangalore,Sequoia Capital,Private Equity,191.6
1616,,Cleartax,Consumer Internet,Online Tax Filing Platform,New Delhi,"Ravi Adusumalli, SAIF Partners",Private Equity,114.96
1617,,Silvan Innovation Labs,Technology,Home Automation Solutions,Bangalore,Infuse Ventures,Private Equity,8.622
1618,,GreytHR,Technology,Payroll & HR Software Developer,Bangalore,"New Enterprise Associates (NEA), Blume Ventures",Private Equity,49.816
1624,,Onspoon,Consumer Internet,Online Platform for Event Sponsorship,Mumbai,Swan Angel Network,Seed Funding,1.437
1628,,Celerix,Technology,Fintech Product Development & Services Startup,Bangalore,Bitkemy Ventures,Seed Funding,3.832
1629,,NatureNama,Consumer Internet,Online Outdoors & travel,Mumbai,Unicorn Venture,Seed Funding,2.1555
1631,,Syona Cosmetics,FMCG,Beauty Products & Training to Salons & Spas,Chennai,The Chennai Angels,Seed Funding,1.437
1632,,PrettySecrets,eCommerce,Women Lingerie Store,Mumbai,"RB Investments PTE Ltd, Orios Venture Partners",Private Equity,57.48
1633,,SpiderG,Consumer Internet,Online invoice app for SMEs,Pune,"Rahul Kirloskar, Fusion Tech Ventures, Adi Saravanan, Pravin Dongre, Mahendra Doshi",Seed Funding,1.437
1634,,FarEye,Technology,Logistics Management Software,New Delhi,Saif Partners,Private Equity,33.53
1635,,The Uolo,Consumer Internet,School Parent Communication App,Bangalore,"Purvi Ventures, Rajul Garg, Vipin Arora",Seed Funding,2.0118
1638,,Drivify,Consumer Internet,Professional Driver discovery & Booking Mobile app,Mumbai,"Jitendra Gupta, Pankaj Tripathi",Seed Funding,0.479
1640,,ParaBlu,Technology,Cloud Data Security & Privacy Solutions,Bangalore,Kalaari Capital,Seed Funding,4.79
1641,,Schedulers Logistics,Logistics,Cold Storage Logistics solutions,Mumbai,GVFL,Private Equity,57.48
1642,,LEAP India,Others,Supply Chain Equipment & Services provider,Mumbai,Mayfield Ventures,Private Equity,28.74
1643,,KabadiExpress,Others,Free Door Step Scrap Pickup Service,New Delhi,Undisclosed investor,Seed Funding,1.41784
1644,,YourDost,Consumer Internet,Online counselling & Personal coaching platform,Bangalore,"SAIF Partners, Aprameya Radhakrishnan, Phanindra Sama, Subba Rao Telidevara, Vibhu Garg, Paula Ravindra Mariwala, Gaurav Bhalotia",Seed Funding,11.496
1645,,Gomalon,Consumer Internet,Online Spa & Salon discovery & Booking platform,Bangalore,Undisclosed investor,Seed Funding,0.958
1647,,Travelyaari,Consumer Internet,Online ticket booking platform,Bangalore,GVFL Ltd,Private Equity,28.74
1648,,FabHotels,Consumer Internet,Online Hotel aggregator & Booking platform,Gurgaon,"Accel Partners, RB Investments",Private Equity,76.64
1649,,Locanix,Technology,GPS based SaaS Solutions,Ahmedabad,Undisclosed investors,Seed Funding,2.874
1650,,LendingKart,Consumer Internet,Online Working Capital Business Loans Platform,Ahmedabad,"Bertelsmann India Investments, Mayfield India, Saama Capital, India Quotient",Private Equity,306.56
1651,,Hello Tax,Consumer Internet,Online Tax Filing Platform,New Delhi,Sanjeev Sinha,Seed Funding,2.8261
1654,,LetReach,eCommerce,ECommerce SAAS Solutions,New Delhi,vCommission,Private Equity,0.958
1655,,TrendieApp,Technology,Visual Content Marketing,Kolkata,Harsh Vardhan Hada,Seed Funding,0.479
1657,,Velvetcase,eCommerce,Online designer jewellery marketplace,Mumbai,"Uniqorn Ventures Fund, TV Mohandas Pai, S Somasegar",Private Equity,14.37
1658,,Meru Cabs,Consumer Internet,Online/ Mobile Tax Cab booking,Mumbai,Brand Capital,Private Equity,239.5
1659,,Campus Diaries,Consumer Internet,Student focussed Content Discovery portal,Bangalore,Aarin Capital,Seed Funding,2.1076
1661,,Biryani Blues,Food & Beverage,QSR Chain,Gurgaon,Carpediem Capital & Others,Private Equity,3.52544
1663,2016-01-05,Get My Parking,Technology,Parking Technology Platform,New Delhi,The Chennai Angels,Seed Funding,3.60208
1664,2016-01-05,Prescribez,Consumer Internet,Health Service Aggregator Platform,Pune,Ankush Mehta,Seed Funding,1.3891
1666,2016-03-05,Mobikwik,Consumer Internet,Mobile & Digital Wallet,Gurgaon,"GMO Payment Gateway, MediaTek",Private Equity,479.0
1668,2016-03-05,Zwayam,Consumer Internet,Online Recruitment Platform,Bangalore,Undisclosed investors,Seed Funding,2.395
1670,2016-03-05,Zuver,Consumer Internet,Car driver Discovery App,Mumbai,"Shruth & Smith Group, Hermes Group",Seed Funding,1.7244
1672,2016-04-05,EasyRoads,Consumer Internet,Road Trip planning Mobile app,Mumbai,"Rohan Angrish, Hrishi Oberoi, Rahul Mehta, Kapil Hetamsaria, Pranav Dedhia",Seed Funding,1.916
1673,2016-04-05,Lenskart,eCommerce,Eyewear & Accessories etailer,New Delhi,"International Finance Corp, TPG Growth, Adveq Management, IDG Ventures, Ratan Tata, Kris Gopalakrishnan",Private Equity,574.8
1674,2016-04-05,Seclore,Technology,Enterprise Security Technology platform,Mumbai,"Sistema Asia Fund, Helion Venture, VentureEast, India Alternatives",Private Equity,114.96
1675,2016-04-05,SolarTown,Technology,Solar Rooftop system installation company,Chennai,Grex.in,Seed Funding,1.916
1676,2016-04-05,Comarete,Technology,Telecom & Media IT services company,Pune,Grex.in,Seed Funding,1.916
1677,2016-04-05,MyDentistChoice,eCommerce,Medical Supplies eTailer,Hyderabad,Undisclosed investors,Seed Funding,1.437
1678,2016-04-05,Active.ai,Technology,Intelligent Tech platform for Finance vertical,Singapore,Kalaari Capital Accelerator Program,Seed Funding,4.79
1679,2016-04-05,Affordplan,Technology,Affordable non-emergency medical service health plans,New Delhi,Kalaari Capital Accelerator Program,Seed Funding,4.79
1680,2016-04-05,Indee,Consumer Internet,Web Video Streaming Platform,Bangalore,Kalaari Capital Accelerator Program,Seed Funding,4.79
1682,2016-05-05,WebAlligator,Consumer Internet,Cloud Based Software Solutions,Bangalore,Group of undisclosed Angel Investors & HNIs,Seed Funding,3.5925
1683,2016-06-05,EduAce Services,Education,Education Workshops & mentoring programs,Lucknow,MoMagic Technologies,Private Equity,9.58
1685,2016-07-05,Zebroads,Logistics,Logistics and Warehousing services,Hyderabad,Undisclosed investors,Seed Funding,0.7185
1686,2016-09-05,Locus,Technology,Logistics Intelligence platform,Bangalore,"Exfinity Venture Partners, Blume Ventures, BeeNext, Rajesh Ranavat",Private Equity,26.345
1687,2016-09-05,Toko Innovations,Consumer Internet,Children\\xe2\\x80\\x99s Entertainment Portal,Bangalore,"Roopak Saluja, Vishal Khare",Seed Funding,4.311
1688,2016-09-05,Rentickle,eCommerce,"Furniture, appliances Portal",New Delhi,"Manish Kheterpal, Vinay Mittal, Dinesh Mittal, Sandeep Gupta",Seed Funding,2.395
1689,2016-10-05,HealthifyMe,Consumer Internet,Health & Fitness App,Bangalore,"IDG Ventures India, Inventus Capital, Blume Ventures",Private Equity,57.48
1690,2016-10-05,Zarget,Consumer Internet,Conversion Rate Optimization Platform,Chennai,"Accel Partners, Matrix Partners, Girish Mathrubootham",Private Equity,14.37
1691,2016-10-05,InnoNano Research,Technology,Clean Water Technology,Chennai,NanoHoldings,Private Equity,172.44
1692,2016-10-05,SchoolWear,eCommerce,School Uniform & Supplies Marketplace,Mumbai,Undisclosed investors,Seed Funding,14.37
1693,2016-10-05,Swiggy,Consumer Internet,Food Delivery Platform,Bangalore,"Norwest Venture Partners, DST Global, Accel Partners",Private Equity,67.06
1694,2016-11-05,Zenify,Consumer Internet,Home rental Discovery & Booking Portal,Bangalore,Undisclosed Investors,Private Equity,8.622
1696,2016-11-05,Fractal Analytics,Technology,Data Analytics Company,Mumbai,Khazanah Nasional Berhad,Private Equity,958.0
1697,2016-12-05,Unacademy,Consumer Internet,Free Online Education Platform,Bangalore,"Blume Ventures, Rajan Anandan, Sumit Jain, Aprameya Radhakrishna, Sujeet Kumar, Phanindra Sama",Seed Funding,4.79
1698,2016-12-05,Capital Float,Consumer Internet,Online Lending Platform,Bangalore,"Creation Investments Capital Management, SAIF Partners, Sequoia Capital, Aspada Ventures",Private Equity,239.5
1699,2016-12-05,Life Circle,Healthcare,Senior Healthcare Services,Hyderabad,GROUPE SOS,Private Equity,1.437
1704,,StayZilla,Consumer Internet,Budget Room Aggregator Booking platform,Chennai,"Matrix Partners, Nexus Ventures",Private Equity,129.33
1705,,WoW Express,Logistics,E-Commerce Logistics Solutions,Mumbai,Undisclosed Investors & Tamarind Family Private Trust,Private Equity,21.076
1706,,Smartivity,eCommerce,Smart Learning products,Delhi,"S Chand, AdvantEdge Partners",Private Equity,9.58
1711,,TheSmartQ,Consumer Internet,Food Ordering Mobile App,Bangalore,YourNest Angel Fund,Seed Funding,2.395
1712,,PurpleHealth,Consumer Internet,Online health-on-demand platform,Trivandrum,Katabole Technology Venture,Seed Funding,0.958
1714,,EduPristine,Education,Online Certification Courses,Mumbai,"Kaizen Management Advisors, DeVry Inc",Private Equity,95.8
1715,,BhiveWorkspace,Reality,Co-Working Spaces,Bangalore,Blume Ventures,Private Equity,9.58
1717,,Appie,Consumer Internet,Location-based offline retail discovery platform,Mumbai,Undisclosed investors,Seed Funding,9.58
1719,,TaxiVaxi,Consumer Internet,Cab Aggregating Platform,New Delhi,Undisclosed HNIs,Seed Funding,4.79
1720,,Veqta,Consumer Internet,On Demand Digital Sports Network,New Delhi,"Chatsworth Management, ITW Digital",Seed Funding,4.79
1721,,i2ifunding,Consumer Internet,Online Peer to Peer Funding,Noida,Undisclosed Investors,Seed Funding,2.874
1723,,Hoppingo,Consumer Internet,Fashion Discovery platform,New Delhi,vCommission,Seed Funding,0.85262
1725,,Goalwise,Consumer Internet,Online investment platform,Bangalore,Undisclosed HNIs,Seed Funding,9.58
1727,,Address Health,Healthcare,Pediatric Primary Healthcare Network,Bangalore,Gray Matters Capital,Private Equity,14.37
1728,,Arcatron Mobility,Technology,Mobility Devices for differently abled,Pune,Sudhir Mehta,Seed Funding,0.958
1730,,Cleartax,Consumer Internet,Online Income Tax Filing platform,Bangalore,"FF Angel, Sequoia Capital",Private Equity,19.16
1732,,mChamp,Consumer Internet,Celebrity Entertainment Contest App,New Delhi,MoMagic Technologies,Seed Funding,4.5505
1734,,Vahanalytics,Technology,Safe driving Analytics platform,Mumbai,"Anirudh Damani, Vikram Lakhotia",Seed Funding,1.916
1736,,Koovs,eCommerce,Apparel & Lifestyle eTailer,New Delhi,HT Media Ltd,Private Equity,42.152
1737,,CCavenue,Consumer Internet,Payment Gateway,Mumbai,NSI Infinium Global Pvt. Ltd,Private Equity,85.262
1740,,MachaDalo,Consumer Internet,Hyperlocal Advertising Platform,Mumbai,Undisclosed Investors,Seed Funding,1.6765
1741,2016-01-04,Dil Mil,Consumer Internet,Matchmaking Mobile App,SFO / Bangalore,"Nelstone Ventures, Transmedia Capital, Maiden Lane Ventures, CSC Upshot & Angel investors",Private Equity,25.866
1746,2016-04-04,Hungama,Consumer Internet,Digital Media Entertainment Portal,Mumbai,Xiaomi Inc,Private Equity,239.5
1751,2016-06-04,Shipsy,Logistics,Logistics Solutions,Gurgaon,DTDC Express Ltd,Private Equity,9.58
1752,2016-06-04,gear6,Consumer Internet,Online bike service and repairs platform,Bangalore,Ninestarter,Seed Funding,4.79
1753,2016-06-04,MyGlamm,Consumer Internet,Mobile based on-demand Beauty Services platform,Mumbai,L\\xe2\\x80\\x99Occitane,Private Equity,57.48
1754,2016-06-04,Petoo,Consumer Internet,Online Food Delivery Platform,Bangalore,Axilor Ventures,Private Equity,9.58
1758,2016-08-04,imedilane,Consumer Internet,Online Health Diagnosis platform,New Delhi,"Mahendra Patel, Nilender Chauhan",Seed Funding,0.3832
1759,2016-11-04,Living Local,Consumer Internet,Social discovery platform,Mumbai,Rattan Chadha,Seed Funding,1.916
1761,2016-11-04,Oyo,Consumer Internet,Online Branded Budget Room Booking Service,New Delhi,"Softbank, Sequoia Capital, Lightspeed Venture Partners, Greenoaks Capital, DSG Consumer Partners and Venture Nursery",Private Equity,958.0
1762,2016-11-04,PriceRaja,Consumer Internet,Price Comparison Portal,Gurgaon,Prashant Puri,Seed Funding,2.874
1763,2016-12-04,MagicX,Consumer Internet,On-Demand Task Management App,Bangalore,"Kris Gopalakrishnan, Dr. Ranjan Pai",Seed Funding,9.58
1767,,Legalraasta,Consumer Internet,Online legal Services for Startups,New Delhi,"Pravin Khandelwal, Yatin Kumar Jain",Seed Funding,9.58
1768,,RainCan,Consumer Internet,Subscription-based grocery delivery Mobile App,Pune,Dr. Aniruddha Malpani,Seed Funding,1.437
1769,,Hippily,eCommerce,Fashion ECommerce App,Mumbai,"Dr. Sridhar Ramaswamy, Rakesh Mathur",Seed Funding,2.395
1770,,kredX,eCommerce,Invoice discounting\\xc2\\xa0 Marketplace,Bangalore,"Prime Venture Partners,",Seed Funding,7.185
1772,,BeaconsTalk,Technology,contextual mobile advertising,Mumbai,"Rajeev Agrawal, Prashant Gooty",Seed Funding,0.958
1774,,RenewBuy,Consumer Internet,Online Car & Bike Insurance Comparison portal,New Delhi,Mount Nathan Advisors,Seed Funding,9.58
1776,,Vyomo,Consumer Internet,On-Demand Beauty Service provider,New Delhi,Naturals Salon Chain,Private Equity,143.7
1779,,NestAway,Consumer Internet,Furnished Home Rental Platform,Bangalore,Tiger Global,Private Equity,287.4
1780,,Tapchief,Consumer Internet,Expert Advice Platform,Bangalore,Vijay Shekhar Sharma,Seed Funding,1.437
1785,,Jugnoo,Consumer Internet,On-demand Delivery & Logistics platform,Chandigarh,Paytm & existing investors,Private Equity,95.8
1787,,Betaout,eCommerce,customer intelligence and marketing automation platform,Noida,"Stanford Angels, LetsVenture, Chennai Angels, Hyderabad Angels, Mumbai Angels",Private Equity,14.37
1788,,DriversCart,Consumer Internet,on-demand chauffeur provider,Chennai,ah! Ventures,Seed Funding,4.311
1790,,CollegeDekho,Consumer Internet,College & Student information platform,New Delhi,Man Capital,Private Equity,19.16
1794,,1mg,eCommerce,Online Pharmacy,Gurgaon,"Maverick Capital Ventures, Sequoia Capital, Omidyar Network",Private Equity,143.7
1801,,Licious,eCommerce,Mobile based Meat ordering App,Bangalore,Mayfield India II Management Ltd,Private Equity,28.74
1804,,TOKO Innovation Studios,Consumer Internet,Children\xe2\x80\x99s Entertainment Games & Products,New Delhi,Indian Angel network,Seed Funding,4.311
1805,,Commut,Consumer Internet,Shuttle Service Provider,Hyderabad,50K Ventures,Seed Funding,1.916
1807,,Dropkaffe,Food & Beverage,Ready-to-Drink Beverage Producer,Bangalore,"GrowthStory, Apurva Salapuria, Hitesh Oberoi, Sidharth Pansari, Nirupa Shankar",Seed Funding,5.269
1808,,Transerv,Consumer Internet,Digital Payments platform,Mumbai,"IDFC SPICE Fund, Micromax Informatics",Private Equity,143.7
1809,,ClearTax,Consumer Internet,Online filing of Tax returns,Bangalore,"Max Levchin, Scott Banister",Private Equity,12.454
1810,,Roposo,eCommerce,Social Fashion ECommerce Discovery platform,Gurgaon,Bertelsmann India Investments,Private Equity,143.7
1811,,MilkBasket,Consumer Internet,Micro Grocery Delivery Platform,Gurgaon,EVC Ventures,Seed Funding,4.79
1814,,ICHR,Consumer Internet,Mobile based Children health Information app,New Delhi,Undisclosed,Seed Funding,4.311
1816,,The Wedding Brigade,Consumer Internet,Online Wedding Information Portal,Mumbai,Blume Ventures & Other unnamed Investors,Seed Funding,5.748
1817,,DocsApp,Consumer Internet,Online Doctor Discovery & Chat platform,Bangalore,"Rebright Partners, Anand Rajaraman, Venky Harinarayan",Private Equity,11.496
1818,,Impact Guru,Consumer Internet,Online Crowdfunding platform for NGOs & Social Projects,Mumbai,"RB Investments, Fundnel",Seed Funding,4.79
1819,,LetReach,eCommerce,ECommerce SAAS Solutions,New Delhi,vCommission,Private Equity,0.958
1824,2016-02-03,MoMark,Consumer Internet,Mobile Wallet Aggregation platform,Noida,YourNest Angel Fund,Private Equity,5.748
1826,2016-02-03,Systemantics,Technology,Industrial robots maker,Bangalore,"Nandan Nilekani, Accel Partners",Private Equity,13.412
1828,2016-03-03,Imarticus Learning,Education,Financial Services & Analytics Education Institute,Mumbai,"Blinc Advisors, Amit Nanavati, Tashwinder Singh, Taranjit Jaswal, Amit Khanna",Private Equity,9.58
1829,2016-03-03,Shouut,Consumer Internet,Social Discovery Mobile app,New Delhi,Undisclosed investor,Seed Funding,4.79
1831,2016-04-03,Aahaa,ECommerce,Office Products Super Store,Chennai,"YourNest Angel Fund,",Private Equity,9.58
1833,2016-04-03,FTCash,Consumer Internet,Mobile Payments Platform,Kolkata,IvyCap Ventures,Seed Funding,1.437
1835,2016-04-03,Zappka,Consumer Internet,Mobile App discovery and review platform,Gurgaon,"Daman Soni, Rajat Gupta & Others",Seed Funding,0.958
1837,2016-04-03,medECUBE,Healthcare,Healthcare related Services provider,Gurgaon,Artiman Ventures,Private Equity,38.32
1838,2016-07-03,N.O.W,Consumer Internet,Bike Taxi Service & Hyperlocal Delivery App,Noida,"Ruchirans Jaipuria, Anuj Sanghi",Seed Funding,4.79
1839,2016-07-03,Ninjacart,ECommerce,B2B marketplace for Farmers & Retailers,Bangalore,"Accel Partners, Qualcomm Ventures, M&S Partners, Zop Smart",Private Equity,28.74
1840,2016-07-03,Reach,Consumer Internet,Cross Platform P2P file sharing mobile app,Bangalore,"Rebright Partners, Sol Primero, Sudhir Anandarao, Ankur Warikoo, Ankur Singla",Seed Funding,4.79
1841,2016-07-03,Vanity Cube,Consumer Internet,Hyperlocal Beauty Services platform,New Delhi,Unicorn Ventures,Seed Funding,2.395
1843,2016-07-03,Medidaili,Consumer Internet,Medical Support service platform,Bangalore,Undisclosed private investors,Seed Funding,0.958
1847,2016-08-03,LoveCycles,Consumer Internet,Women\\xe2\\x80\\x99s health Tracker,Bangalore,Prime Venture Partners,Seed Funding,7.185
1848,2016-08-03,Kartrocket,ECommerce,ECommerce SAAS platform,New Delhi,"Undisclosed Japanese investor, Bertelsmann India Investments, Nirvana Digital India Fund, Nirvana Digital Investment Holding Co Ltd, 500 Start-Ups",Private Equity,76.64
1849,2016-08-03,dunzo,Consumer Internet,Daily Task Management App,Bangalore,"Aspada Investment Advisors, Blume Ventures.",Seed Funding,6.227
1851,2016-09-03,SmartVizX,Technology,Virtual Reality Solutions,Noida,"Indian Angel Network, Stanford Angels, Entrepreneurs India",Seed Funding,4.79
1852,2016-09-03,MyGubbi,Real Estate,Interior Design & Home D\\xc3\\xa9cor Solutions,Bangalore,"Vipul Parekh, ajesh K Murthy,",Seed Funding,23.95
1853,2016-09-03,Nukkad Shops,Consumer Internet,Hyperlocal Grocery Delivery Service,Hyderabad,PurpleTalk Inc,Seed Funding,9.58
1855,2016-09-03,Justride,Consumer Internet,Self Drive Car Rental,Mumbai,Dheeraj Jain & Other angel investors,Seed Funding,3.832
1857,2016-10-03,Big Fish Ventures,Food & Beverage,premium dining lounges Chain,New Delhi,Undisclosed investors,Private Equity,106.338
1859,2016-10-03,Icertis,Technology,Contract Management Software Solutions platform,Pune/Seattle,"Ignition Partners, Greycroft Partners, Fidelity Growth Partners India",Private Equity,143.7
1860,2016-10-03,Supplified,ECommerce,Construction material eTailer,New Delhi,Mohit Goel,Seed Funding,9.58
1862,,PinkBlue,ECommerce,Medical Supplies eTailer,Bangalore,"Hari Krishna, Ajay Modani, Dr V Ravinder, Anirudh Rastogi, Abhishek Jain, Rakesh Gakhar, Rajeev Mudumba, Nagendra Prasad Bhanuprakash",Seed Funding,2.14216464
1863,,TruckingCube,Logistics,"Domestic, Commercial, and Industrial Goods Movers",New Delhi,Agarwal Movers Group,Private Equity,142.742
1865,,FlipClass,Consumer Internet,Tutor Search Platform,Bangalore,"S Chand and Co Pvt Ltd, Blume Ventures",Private Equity,9.58
1866,,Proximit,Technology,Advertising Technology,Pune,Funding through 1Crowd platform,Seed Funding,1.437
1867,,WithMe,Consumer Internet,Personalized Fashion App,Gurgaon,"Alex Kuruvilla, Pradeep Guha, Saket Dhankar, Rajan Pandhare",Seed Funding,2.395
1868,,Gapoon,Consumer Internet,Hyperlocal Home Maintenance services,Bangalore,"Chandrashekar Tallapragada, Pankaj Kapoor",Seed Funding,1.7244
1871,,Wealthy,Consumer Internet,Online Investment management portal,Bangalore,"Zishaan Hayath, Abhishek Goyal, Arjun and Rohan Malhotra, Harpreet Singh Grover, Gagan Dugal",Seed Funding,2.395
1872,,Pramati,Healthcare,Specialized Patient Care platform,Noida,Undisclosed investors,Seed Funding,1.916
1873,,Qlivery,Consumer Internet,Ondemand Concierge Service,Gurgaon,Swastika Company Ltd,Seed Funding,2.2034
1874,,HealthEnablr,Consumer Internet,Doctor Discovery and booking platform,Mumbai,Undisclosed investors,Seed Funding,7.664
1875,,Liftiee,Consumer Internet,Car/ bike Pooling App,Mumbai,"Rannvijay Singh, Anita Hassanandani",Seed Funding,1.03464
1876,,Hello Curry,Food & Beverage,Quick Service Restaurant Chain,Hyderabad,Sashi Reddi & Other unnamed investors,Private Equity,14.37
1877,,goSporto,Consumer Internet,Online Sports discovery and booking platform,New Delhi,Naveen Gupta,Seed Funding,0.2874
1880,,Room On Call,Consumer Internet,Budget hotel aggregator,Gurgaon,CASHurDRIVE Marketing Pvt Ltd,Private Equity,19.16
1881,,Byju\\xe2\\x80\\x99s,Consumer Internet,Educational Video Content Creator,Bangalore,"Sequoia India, Sofina",Private Equity,718.5
1882,,BigBasket,eCommerce,Online Grocery Shop,Bangalore,Abraaj Group,Private Equity,1437.0
1883,,DrivoJoy,Consumer Internet,On-demand 2-wheeler Servicing platform,Bangalore,"Indian Angel Network, Tracxn Labs & Others",Seed Funding,5.748
1886,,CreditSeva,Consumer Internet,Online Credit management tools,Hyderabad,"Pix Vine Capital, Infocomm Development Authority of Singapore",Seed Funding,3.4488
1888,,Endless Robotics,Technology,Interior Painting Automation,Hyderabad,"Devidas Desai, Vipul Gautam, Singapore Angel Network",Seed Funding,0.958
1889,,SP Robotics,Technology,Robotic Classes for Students,Chennai,"Indian Angel Network,",Seed Funding,2.874
1891,,eKincare,Consumer Internet,Healthcare related solutions,Hyderabad,"BitChemy Ventures, Maheshwari Investments Pvt Ltd, Anshoo Gaur, Rama Krishna Reddy, Sandeep Seerapu",Private Equity,3.1614
1893,,Wheelstreet,Consumer Internet,Online Bike Rental platform,Bangalore,Broadbean Capital services,Private Equity,4.79
1894,,Horntell,Consumer Internet,Unified Push Notification service,Gurgaon,"Bharanidharan Viswanathan, Sanjiv Mittal, Shobhit Shukla, Rahul Agarwal",Seed Funding,1.437
1895,,Schoolkart,eCommerce,Online Marketplace for Schools,Noida,Undisclosed investors,Seed Funding,2.874
1897,,Babygogo,Consumer Internet,Child healthcare experts aggregator mobile app,New Delhi,"Rajul Garg, Daljit Singh, Aditya Vij, Kishore Kumar, Shuchin Bajaj",Seed Funding,2.874
1898,,Veritas Finance,Finance,Asset Based Lending platform,Chennai,Sarva Capital,Private Equity,45.026
1899,,QikShip,Consumer Internet,Mobile based Logistics provider,New Delhi,undisclosed investors,Seed Funding,1.916
1900,,FixNix,Consumer Internet,GRC SAAS Platform,Chennai,Jay Vijayan,Seed Funding,4.79
1902,,Touchkin,Healthcare,Predictive Healthcare platform,Bangalore,"Alok Mittal, Amit Gupta, Anuj Srivastava, Himanshu Aggarwal, Raghunandan G, Puneet Agarwal",Seed Funding,3.832
1906,2016-02-02,Altizone,Technology,IoT & M2M Solutions,Pune,"Wipro Ventures,\\xc2\\xa0 Lumis Partners",Private Equity,38.32
1908,2016-02-02,Strike,Consumer Internet,Mobile Email productivity tool,Bangalore,Multiple investors through Ten Minute Million competition,Seed Funding,0.21555
1910,2016-02-02,Gamooz,Technology,Augmented Reality Solutions,Gurgaon,Multiple investors through Ten Minute Million competition,Seed Funding,0.21555
1911,2016-02-02,SoundSurround,Technology,Audio Technology Solutions,Mumbai,Multiple investors through Ten Minute Million competition,Seed Funding,0.21555
1912,2016-03-02,Mazkara,Consumer Internet,Beauty & Wellness Platform,Pune / Dubai,Dunamis Ventures Pte Ltd.,Seed Funding,9.58
1913,2016-03-02,RoadGods,ECommerce,Auto Spare Parts eTailer,New Delhi,Green House Ventures (GHV),Seed Funding,0.958
1914,2016-03-02,Pindropmusic,Consumer Internet,Music Discovery Mobile App,Noida,Green House Ventures (GHV),Seed Funding,0.958
1915,2016-03-02,Woodpie,Consumer Internet,Book Recommendation Service,Bangalore,Ingram Content Group,Seed Funding,0.2874
1916,2016-04-02,Perfumery,ECommerce,Fragrances & Perfume eTailer,New Delhi,Oranda Global & Others,Seed Funding,0.2874
1918,2016-05-02,ZenDrive,Technology,Safe Driving Data & Analytics platform,Bangalore / SFO,"Sherpa Capital, Nyca Partners and Thomvest Ventures",Private Equity,129.33
1922,2016-05-02,Gingercrush,Ecommerce,Personalized Products & Merchandize eTailer,Vadodara,"Saha Fund, TV Mohandas Pai, Zia Mody, Mumbai Angels, Ananda Kallugadde, Rakesh Desai, Rakesh Malhotra",Private Equity,9.58
1923,2016-05-02,American Vision,Consumer Internet,Optical Store Aggregator Platform,Pune,Undisclosed investors,Seed Funding,0.77598
1924,2016-05-02,DawaiLelo,Consumer Internet,Healthcare Services & Online Pharmacy Mobile App,Varanasi,Undisclosed investors,Seed Funding,0.49816
1925,2016-06-02,Heads Up For Tails,Ecommerce,Pet Products eTailer,New Delhi,Undisclosed investors,Seed Funding,9.58
1928,2016-08-02,iStyleYou,Consumer Internet,Personal Fashion Stylist App,Gurgaon,Green House Ventures (GHV),Seed Funding,0.958
1929,2016-08-02,AdUrCup,Consumer Internet,Ad Network,New Delhi,Green House Ventures (GHV),Seed Funding,0.958
1933,2016-08-02,Xpressbees,ECommerce,ECommerce Logistics solutions,Pune,"SAIF Partners, IDG Ventures India, Vertex Ventures, Valiant Capital",Private Equity,119.75
1938,2016-10-02,Capzest,Consumer Internet,Digital Lending Platform,Mumbai,Lion Ventures,Seed Funding,1.916
1940,2016-10-02,Affimity,Consumer Internet,Social Networking platform,Bangalore,undisclosed investors,Seed Funding,11.496
1941,2016-10-02,Anandakanda,Technology,Medicine Intake Reminder System,Pune,undisclosed investors,Seed Funding,1.437
1946,2016-12-02,ActOnMagic,Technology,Cloud Analytics and Management Products,Bangalore,Jayabalan Subramanian,Seed Funding,1.1975
1947,2016-12-02,Bonhomia,Food & Beverage,premium Tea and Coffee,New Delhi,"Alok Rawat, Grey Orange Robotics",Seed Funding,9.58
1948,2016-12-02,iGrenEnergi,Technology,Solar Power Solutions,Mumbai,Sunil Mehta,Seed Funding,9.58
1949,2016-12-02,RKSV,Consumer Internet,Online Stock Trading Platform,Mumbai,Kalaari Capital,Private Equity,38.32
1950,,Aasaanjobs,Consumer Internet,Online Recruitment Marketplace,Mumbai,"Aspada Advisors, IDG Ventures,\\xc2\\xa0 Inventus Capital",Private Equity,47.9
1951,,Snapdeal,eCommerce,Horizontal Online Marketplace,New Delhi,Ontario Teachers\\xe2\\x80\\x99 Pension Plan & Others,Private Equity,1916.0
1954,,GoYaNo,Consumer Internet,Events & Restaurant Discovery Marketplace App,Gurgaon,Mukesh Kumar Gupta,Seed Funding,0.479
1955,,RentSher,Consumer Internet,Online Household Product Rental platform,Bangalore,"Vaibhav Doshi, Abhay Singhal, Vibhu Garg, Joby Babu, Abhishek Acharya, Manish Shah",Seed Funding,2.874
1956,,Buddy,Finance,Micro Lending Platform for eCommerce purchases,Bangalore,"Blume Ventures,\\xc2\\xa0 Tracxn Labs",Seed Funding,4.79
1958,,TableHero,Consumer Internet,Dynamic Restaurant Website creator,Bangalore,"GrowX Ventures, Kunal Shah, Sandeep Tandon, Haresh Chawla, Powai Lake Ventures, Globevestor",Seed Funding,9.58
1959,,BetterPlace,Technology,Data analytics based Verification services Platform,Bangalore,Unitus Seed Fund,Seed Funding,9.2926
1961,,icustommadeit,eCommerce,Professional Custom creators Marketplace,Pune,"Brand Capital, Siddhivinayak Skyscrapers, Dinesh R. Challa",Private Equity,38.32
1965,,GameZop,Technology,Mobile Gaming Platform,New Delhi,"KWAN Entertainment & Marketing Solutions, Powerhouse Ventures & Others",Seed Funding,3.353
1967,,The Viral Fever,Consumer Internet,Independent Online Video production company,Mumbai,Tiger Global,Private Equity,95.8
1968,,Avanti Learning,Education,Private Coaching Classes,New Delhi,Michael & Susan Dell Foundation,Private Equity,47.9
1971,,HealthKumbh,Consumer Internet,Health related Information portal,Ahmedabad,Undisclosed investor,Seed Funding,0.69934
1974,,Careongo,ECommerce,Online Pharmacy store,New Delhi,Farooq Oomerbhoy & Other angel investors,Seed Funding,2.874
1975,,Ark Robot,Technology,Warehouse Automation,Bangalore,Qualcomm (Through QPrize Contest),Seed Funding,3.353
1976,,Jaypore,ECommerce,Ethnic Products marketplace,New Delhi,Aavishkaar,Private Equity,47.9
1979,,Advantage Club,Consumer Internet,mobile platform for corporate employee benefits,Gurgaon,Purvi Ventures & Others,Seed Funding,3.832
1981,,Baby Berry,Consumer Internet,Parenting Mobile app,Bangalore,Nitin Bagmane & Other undisclosed investors,Seed Funding,9.58
1982,,Magicpin,Consumer Internet,Hyperlocal Discover Mobile App,New Delhi,Lightspeed India,Private Equity,28.74
1983,,First Eat,Consumer Internet,Healthy Food Delivery platform,New Delhi,Undisclosed investor,Seed Funding,0.958
1985,,Taskbob,Consumer Internet,Hyperlocal Handyman services platform,Mumbai,"IvyCap Ventures, Orios Venture Partners, Mayfield India",Private Equity,43.11
1986,,Styledotme,Consumer Internet,Mobile Fashion App,New Delhi,Indian Angel Network,Seed Funding,0.35446
1988,,CupoNation,Consumer Internet,Deals and Discount platform,Gurgaon,"Rocket Internet AG, Holtzbrink Ventures, New Enterprise Associates (NEA), e.ventures, ru-Net, Deutsche Telekom Strategic Investments (DTSI), Silicon Valley Bank",Private Equity,105.38
1990,,Sayfix,Consumer Internet,Hyperlocal Home Services Provider,Bangalore,Yajnanarayana Kammaje,Seed Funding,1.5328
1992,,NoBroker,Consumer Internet,Peer to peer property listing platform,Bangalore,"Beenext, Digital Garage, Beenos, Qualgro, Mamoru Taniya, SAIF Partners",Private Equity,95.8
1993,,AppilyEver,Consumer Internet,Online wedding services marketplace,Hyderabad,"Varun Aggarwal, Suresh Venkat, Raj Y",Seed Funding,3.832
1994,,Pocketin,Consumer Internet,Hotel reservations & Deal platform,Noida,Swastika Company Ltd,Seed Funding,1.437
1996,,OfBusiness,eCommerce,B2B commerce Marketplace,Gurgaon,Matrix Partners India,Private Equity,47.9
1998,,Juspay,Consumer Internet,Digital Payments solutions,Bangalore,"Accel Partners, Ashish Hemrajani, Parikshit Dar, Rajesh Balpande",Private Equity,55.564
1999,,Funcart,eCommerce,Party Supplies Etailer,New Delhi,Undisclosed HNIs,Seed Funding,0.6706
2000,,Freedom Smart Labs,Technology,IoT retail solutions,New Delhi,Kapil Goel,Seed Funding,1.3891
2001,,EduBridge,Consumer Internet,Skill development and vocational training platform,Mumbai,"Insitor Impact Asia Fund, Acumen Fund",Private Equity,23.95
2003,,Hopscotch,eCommerce,Baby & Kids Products Online Flash sales platform,Mumbai,Eduardo Saverin,Private Equity,124.54
2009,2016-04-01,B9 Beverages,Food & Beverage,Craft Beer manufacturing company,New Delhi,"Sequoia Capital, Kunal Bahl, Rohit Bansal, Deepinder Goyal, Ashish Dhawan, Mayank Singhal",Private Equity,57.48
2011,2016-05-01,MyChild App,Education,Child Disorder Information & Education,Bhopal,"Samir Bangara, Anisha Mittal, Amit Gupta, Pallav Nadhani, Lalit Mangal, Arihant Patni, Dr. Ritesh Malik, Deobrat Singh, Saurab Paruthi, Singapore Angel Network.",Seed Funding,0.958
2013,2016-05-01,360Ride,Consumer Internet,Ride Sharing platform,Bangalore,Undisclosed,Seed Funding,1.437
2014,2016-05-01,Alef\\nMobitech,Consumer Internet,Cloud Mobility Solutions,Mumbai,Tata Capital Innovation Fund,Private Equity,47.9
2017,2016-06-01,Sensara,Technology,"TV Search, Guide and Remote mobile app",Bangalore,"Lalitesh Katragadda,\\xc2\\xa0 Ganayantrika Systems",Seed Funding,7.185
2018,2016-06-01,Zebpay,Consumer Internet,Bitcoin Buying & Selling Mobile App,Ahmedabad,"Arjun Handa, Amit Jindal, Nagendra Chaudhary",Private Equity,9.58
2019,2016-06-01,PlanMy\\nMedicalTrip,Healthcare,Medical Tourism platform,Pune,"Bhanu Vikram Parsotam, Rohan Desai and Paras Patel",Seed Funding,1.437
2020,2016-06-01,MyCity4Kids,Education,Children Education & Information platform,Gurgaon,"SIDBI Venture Capital Limited, YourNest Angel Fund",Private Equity,28.74
2021,2016-06-01,Justdakhila.com,Education,School Student admissions platform,New Delhi,Ankur Gupta,Seed Funding,7.185
2024,2016-07-01,Infurnia,Consumer Internet,Online Furniture Customization platform,Bangalore,Idein Ventures,Seed Funding,1.5328
2025,2016-07-01,Myly,Education,Mobile Based Education platform,Jaipur,Newbie Promoter Pvt Ltd,Seed Funding,0.958
2026,2016-07-01,MakeMyTrip,Consumer Internet,Online Travel/Hotel Booking platform,Gurgaon,Ctrip.com International Ltd,Private Equity,1724.4
2027,2016-08-01,Melorra,ECommerce,Online/ Mobile Jewellery Retailer,Bangalore,Lightbox Ventures,Private Equity,47.9
2028,2016-08-01,ConfirmTKT,Consumer Internet,Train PNR Status Prediction Platform,Bangalore,"Krishna Jhujhunwala, Dr. Apoorv Ranjan Sharma, Anirudh Damani, Anand Ladsariya, Sanjay Mehta & Others",Seed Funding,2.395
2029,2016-08-01,Gyaanzone,Education,Career Planning and Education Advisory Platform,Mumbai,GBIM Technologies Pvt Ltd,Seed Funding,0.4311
2032,2016-11-01,Koovs,ECommerce,Online Fashion Apparel Retailer,Gurgaon,"Nahata Family, Waheed Alli",Private Equity,51.732
2034,2016-11-01,FreshMenu,Consumer Internet,Online / Mobile Food Ordering platform,Bangalore,"Zodius Capital, Lightspeed Venture Partners",Private Equity,158.07
2035,2016-11-01,SavvyMob,ECommerce,Last Minute Hotel Bookings mobile marketplace,Bangalore,"TV Mohandas Pai, LetsVenture",Seed Funding,9.58
2037,2016-12-01,Shopclues,ECommerce,ECommerce Marketplace,Gurgaon,"GIC, Tiger Global Management, Nexus Venture Partners",Private Equity,958.0
2039,2016-12-01,iBus Networks,Technology,Next Generation in-building connectivity,Bangalore,"Vallabh Bhanshali, N Squared Management LLC, Jagdish & Sandeep Mehta Family Office",Private Equity,22.034
2040,2016-12-01,Happy2Refer,Consumer Internet,Mobile based Referral Platform,Mumbai,"Equity Crest, Vinners, Sparknext",Seed Funding,2.395
2041,,CarTrade,Consumer Internet,Auto Classifieds Portal,Mumbai,"Temasek Holdings, March Capital, Warburg Pincus",Private Equity,1389.1
2042,,Rentomo,Consumer Internet,peer-to-peer renting Marketplace,Bangalore,Shiva Ashok & Other unnamed investors,Seed Funding,0.958
2043,,Roder,Consumer Internet,inter-city cab aggregator,New Delhi,Unicorn India Ventures,Seed Funding,2.2992
2045,,Care24,Healthcare,Professional Health Services Platform,Mumbai,"SAIF Partners, India Quotient",Private Equity,38.32
2049,,Orahi,Consumer Internet,Carpooling Mobile App,Gurgaon,Indian Angel Network,Seed Funding,4.9816
2052,,Fitso,Consumer Internet,Fitness related Social Networking App & Forum,Gurgaon,"Varun Khurana, Samar Singla, Vinay Bansal,",Seed Funding,1.916
2058,,Kartrocket,Consumer Internet,SAAS DIY\\xc2\\xa0 ECommerce Platform,New Delhi,"Bertelsmann India Investments, Nirvana Digital India Fund, Nirvana Digital Investment Holding, 500 Startups",Private Equity,57.48
2059,,Swiggy,Consumer Internet,Online/Mobile food ordering platform,Bangalore,"Harmony Partners, RB Investments & existing investors",Private Equity,335.3
2063,,DailyObjects,ECommerce,Mobile Accessories etailer,New Delhi,"Unilazer Fund,\\xc2\\xa0 Phanindra Sama, Peyush Bansal",Private Equity,13.412
2064,,Indus OS,Technology,Local language Mobile OS,Mumbai,"Omidyar Network,",Private Equity,47.9
2065,,CollegeDunia,Consumer Internet,Educational College Search platform,New Delhi,Umang Kumar,Seed Funding,4.2631
2066,,Villgro,Finance,Social Business Incubator & Fund,Chennai,"Lemelson Foundation, Michael and Susan Dell Foundation",Private Equity,33.53
2068,,IndustryBuying,ECommerce,B2B Industrial Goods Marketplace,New Delhi,Trifecta Capital,Private Equity,17.244
2069,,Just Buy Live,ECommerce,B2B Marketplace for Distributors,Mumbai,Alpha Capital,Private Equity,191.6
2070,,IMbesharam,ECommerce,Adult Products Etailers,New Delhi / US,Undisclosed US Based Investors,Private Equity,38.32
2071,,Moodoo,Consumer Internet,Social Meeting organizer App,Mumbai / UK,Sa\\xc3\\xafd Business School Seed Fund.,Seed Funding,0.3832
2074,,Fisdom,Consumer Internet,Personal Finance Mobile App,Bangalore,Rob Chandra,Seed Funding,4.79
2075,,Easypolicy,Consumer Internet,Online insurance policy aggregator,Noida,Unilazer Ventures,Private Equity,21.076
2076,,Housing.com,Consumer Internet,Online Real Estate Portal,Mumbai,SoftBank Corp,Private Equity,143.7
2077,,CREO,Technology,Smartphone OS Developer,Bangalore,"Sequoia Capital, Beenext Ventures, India Quotient, Anand Chandrasekaran",Private Equity,28.74
2078,,ShabdaNagari,Consumer Internet,Hindi Language Social Networking Portal,Kanpur,Kanpur Angels & Others,Seed Funding,1.916
2080,,SnapBizz,ECommerce,Mobile based Retail Market Ecosystem,Bangalore,"Jungle Ventures, Taurus Value Creation, Konly Venture, Blume Ventures",Private Equity,68.976
2083,,Silvan,Technology,Home Automation & Security Solutions,Bangalore,The Chennai Angels,Seed Funding,4.9337
2084,,EPS,Technology,Electronic Payments Solution Company,Mumbai,APIS Partners,Private Equity,335.3
2085,,Qubole,Technology,Enterprise Cloud Based Data Processing,Bangalore,"Institutional Venture Partners, Norwest Venture Partners, Lightspeed Venture Partners, CRV",Private Equity,287.4
2087,,SIFTR Labs,Consumer Internet,Photography curation & Aggregator platform,Mumbai,Venture Catalysts,Seed Funding,1.437
2088,,Power2SME,Consumer Internet,SME Online Buying Hub,Gurgaon,"Nandan Nilekani, Accel Partners, Kalaari Capital and Inventus Capital",Private Equity,201.18
2091,,Buildzar,ECommerce,Construction Material ETailer,Gurgaon,Puneet Dalmia,Private Equity,38.32
2092,,Applicate,Technology,"Sales, Market, Distribution & Data Analytics Platform",Bangalore,Undisclosed investors,Seed Funding,9.58
2094,,Zebi (yet to launch),Technology,Data Intelligence & Analytics,Hyderabad,Un disclosed investors,Seed Funding,9.58
2095,,Truce,FMCG,Vegetables & Fruits Supply Chain,Mumbai,"Anupam Mittal, Amit Gupta, Utsav Somani, Neeraj Goenka, Farooq Adam Mukadam",Seed Funding,3.5446
2099,,Qriyo,Consumer Internet,Online Fitness & Educational information Aggregator,Jodhpur,Idein Ventures,Seed Funding,1.5328
2101,,Aisle,Consumer Internet,Indians focused Matchmaking App,Bangalore,"TermSheet, ah! Ventures",Seed Funding,1.7723
2102,,FreshMenu,Consumer Internet,Fresh Food Delivery platform,Bangalore,"Zodius Technology Fund, Lightspeed Venture Partners",Private Equity,162.86
2103,,Truebil,ECommerce,Online marketplace for cars,Mumbai,"Kalaari Capital, Inventus Capital, Tekton Ventures, Kae Capital",Private Equity,49.337
2104,,Rare Media,Technology,Mobile & Cloud based App developer,New Delhi,Info Edge (India) Ltd,Private Equity,10.538
